scen.name,study,rep.methods,model,coef_of_interest,N,boot_reps_mia_ice,calculate_tmle_CIs,imp_m,imp_maxit,mice_method,dag_name,W_dim,W_n_cont,W_n_cont_complete,W_n_bin_complete,W_rho,W_cor_type,W_bin_prob,W_miss_rate,W_parent_coef,W_n_inter,W_inter_coef,beta,form_string,gold_form_string,int,method,reps,PropNA,Bhat,BhatBias,BhatRMSE,BhatWidth,BhatCover,IntHat,IntBias,IntRMSE,IntWidth,IntCover
1,study12,gold ; CC ; MICE-std ; mia-pkg-ice ; mia-tmle ; IPW-nm,OLS,A,200,1000,TRUE,50,20,,1A,1,0,0,0,0,exch,0.5,0.43,1,3,1,3.21,B ~ A * C,B1 ~ A1 * C1,0.54,gold,1000,0,3.21,0,0.28,1.09,0.93,0.54,0,0.16,0.61,0.95
1,study12,gold ; CC ; MICE-std ; mia-pkg-ice ; mia-tmle ; IPW-nm,OLS,A,200,1000,TRUE,50,20,,1A,1,0,0,0,0,exch,0.5,0.43,1,3,1,3.21,B ~ A * C,B1 ~ A1 * C1,0.54,CC,1000,0,2.81,-0.4,0.52,1.34,0.79,1.1,0.56,0.61,0.98,0.39
1,study12,gold ; CC ; MICE-std ; mia-pkg-ice ; mia-tmle ; IPW-nm,OLS,A,200,1000,TRUE,50,20,,1A,1,0,0,0,0,exch,0.5,0.43,1,3,1,3.21,B ~ A * C,B1 ~ A1 * C1,0.54,MICE-std,1000,0,3.02,-0.2,0.38,1.51,0.95,0.81,0.27,0.36,1.06,0.83
1,study12,gold ; CC ; MICE-std ; mia-pkg-ice ; mia-tmle ; IPW-nm,OLS,A,200,1000,TRUE,50,20,,1A,1,0,0,0,0,exch,0.5,0.43,1,3,1,3.21,B ~ A * C,B1 ~ A1 * C1,0.54,IPW-nm,1000,0,3.21,-0.01,0.53,1.94,0.92,0.73,0.2,0.38,1.35,0.9
1,study12,gold ; CC ; MICE-std ; mia-pkg-ice ; mia-tmle ; IPW-nm,OLS,A,200,1000,TRUE,50,20,,1A,1,0,0,0,0,exch,0.5,0.43,1,3,1,3.21,B ~ A * C,B1 ~ A1 * C1,0.54,mia-pkg-ice,1000,0,3.2,-0.01,0.54,2.06,0.93,0.54,0,0.35,1.33,0.92
1,study12,gold ; CC ; MICE-std ; mia-pkg-ice ; mia-tmle ; IPW-nm,OLS,A,200,1000,TRUE,50,20,,1A,1,0,0,0,0,exch,0.5,0.43,1,3,1,3.21,B ~ A * C,B1 ~ A1 * C1,0.54,mia-tmle,1000,0,3.33,0.12,0.53,1.54,0.83,0.54,0,0.35,0.93,0.8
2,study12,gold ; CC ; MICE-std ; mia-pkg-ice ; mia-tmle ; IPW-nm,OLS,A,200,1000,TRUE,50,20,,1B,1,0,0,0,0,exch,0.5,0.43,1,3,1,3.22,B ~ A * C,B1 ~ A1 * C1,0.54,gold,1000,0,3.22,0,0.29,1.08,0.94,0.54,0,0.15,0.61,0.96
2,study12,gold ; CC ; MICE-std ; mia-pkg-ice ; mia-tmle ; IPW-nm,OLS,A,200,1000,TRUE,50,20,,1B,1,0,0,0,0,exch,0.5,0.43,1,3,1,3.22,B ~ A * C,B1 ~ A1 * C1,0.54,CC,1000,0,2.13,-1.1,1.16,1.5,0.2,1.86,1.33,1.36,1.13,0.02
2,study12,gold ; CC ; MICE-std ; mia-pkg-ice ; mia-tmle ; IPW-nm,OLS,A,200,1000,TRUE,50,20,,1B,1,0,0,0,0,exch,0.5,0.43,1,3,1,3.22,B ~ A * C,B1 ~ A1 * C1,0.54,MICE-std,1000,0,2.94,-0.28,0.46,1.72,0.94,0.95,0.41,0.49,1.18,0.73
2,study12,gold ; CC ; MICE-std ; mia-pkg-ice ; mia-tmle ; IPW-nm,OLS,A,200,1000,TRUE,50,20,,1B,1,0,0,0,0,exch,0.5,0.43,1,3,1,3.22,B ~ A * C,B1 ~ A1 * C1,0.54,IPW-nm,1000,0,2.59,-0.64,1.1,2.3,0.64,1.38,0.84,1.11,1.71,0.42
2,study12,gold ; CC ; MICE-std ; mia-pkg-ice ; mia-tmle ; IPW-nm,OLS,A,200,1000,TRUE,50,20,,1B,1,0,0,0,0,exch,0.5,0.43,1,3,1,3.22,B ~ A * C,B1 ~ A1 * C1,0.54,mia-pkg-ice,1000,0,2.25,-0.97,1.17,2.64,0.61,1.72,1.18,1.3,2,0.36
2,study12,gold ; CC ; MICE-std ; mia-pkg-ice ; mia-tmle ; IPW-nm,OLS,A,200,1000,TRUE,50,20,,1B,1,0,0,0,0,exch,0.5,0.43,1,3,1,3.22,B ~ A * C,B1 ~ A1 * C1,0.54,mia-tmle,1000,0.02,2.17,-1.05,1.21,1.96,0.44,1.81,1.27,1.37,1.33,0.15
3,study12,gold ; CC ; MICE-std ; mia-pkg-ice ; mia-tmle ; IPW-nm,OLS,A,200,1000,TRUE,50,20,,1C,1,0,0,0,0,exch,0.5,0.43,1,3,1,2,B ~ A * C,B1 ~ A1 * C1,0,gold,1000,0,2,0,0.23,0.88,0.94,0,0,0.12,0.46,0.94
3,study12,gold ; CC ; MICE-std ; mia-pkg-ice ; mia-tmle ; IPW-nm,OLS,A,200,1000,TRUE,50,20,,1C,1,0,0,0,0,exch,0.5,0.43,1,3,1,2,B ~ A * C,B1 ~ A1 * C1,0,CC,1000,0,1.98,-0.02,0.37,1.41,0.94,0.01,0.01,0.26,1.01,0.93
3,study12,gold ; CC ; MICE-std ; mia-pkg-ice ; mia-tmle ; IPW-nm,OLS,A,200,1000,TRUE,50,20,,1C,1,0,0,0,0,exch,0.5,0.43,1,3,1,2,B ~ A * C,B1 ~ A1 * C1,0,MICE-std,1000,0,2,0,0.29,1.38,0.98,-0.02,-0.02,0.2,0.95,0.98
3,study12,gold ; CC ; MICE-std ; mia-pkg-ice ; mia-tmle ; IPW-nm,OLS,A,200,1000,TRUE,50,20,,1C,1,0,0,0,0,exch,0.5,0.43,1,3,1,2,B ~ A * C,B1 ~ A1 * C1,0,IPW-nm,1000,0,2.04,0.04,0.68,2.06,0.86,-0.08,-0.08,0.51,1.4,0.79
3,study12,gold ; CC ; MICE-std ; mia-pkg-ice ; mia-tmle ; IPW-nm,OLS,A,200,1000,TRUE,50,20,,1C,1,0,0,0,0,exch,0.5,0.43,1,3,1,2,B ~ A * C,B1 ~ A1 * C1,0,mia-pkg-ice,1000,0,1.99,-0.01,0.57,2.3,0.93,0,0,0.43,1.65,0.9
3,study12,gold ; CC ; MICE-std ; mia-pkg-ice ; mia-tmle ; IPW-nm,OLS,A,200,1000,TRUE,50,20,,1C,1,0,0,0,0,exch,0.5,0.43,1,3,1,2,B ~ A * C,B1 ~ A1 * C1,0,mia-tmle,1000,0.01,1.99,-0.01,0.56,1.9,0.89,0,0,0.42,1.21,0.82
4,study12,gold ; CC ; MICE-std ; mia-pkg-ice ; mia-tmle ; IPW-nm,OLS,A,200,1000,TRUE,50,20,,2A,1,0,0,0,0,exch,0.5,0.43,1,3,1,2,B ~ A * C,B1 ~ A1 * C1,0,gold,1000,0,2,0,0.23,0.88,0.94,0,0,0.12,0.46,0.94
4,study12,gold ; CC ; MICE-std ; mia-pkg-ice ; mia-tmle ; IPW-nm,OLS,A,200,1000,TRUE,50,20,,2A,1,0,0,0,0,exch,0.5,0.43,1,3,1,2,B ~ A * C,B1 ~ A1 * C1,0,CC,1000,0,2,0,0.31,1.2,0.94,0.13,0.13,0.22,0.69,0.87
4,study12,gold ; CC ; MICE-std ; mia-pkg-ice ; mia-tmle ; IPW-nm,OLS,A,200,1000,TRUE,50,20,,2A,1,0,0,0,0,exch,0.5,0.43,1,3,1,2,B ~ A * C,B1 ~ A1 * C1,0,MICE-std,1000,0,2.01,0.02,0.32,1.31,0.95,0.08,0.08,0.21,0.86,0.96
4,study12,gold ; CC ; MICE-std ; mia-pkg-ice ; mia-tmle ; IPW-nm,OLS,A,200,1000,TRUE,50,20,,2A,1,0,0,0,0,exch,0.5,0.43,1,3,1,2,B ~ A * C,B1 ~ A1 * C1,0,IPW-nm,1000,0,2.04,0.04,0.53,1.75,0.89,0.04,0.04,0.28,1.06,0.92
4,study12,gold ; CC ; MICE-std ; mia-pkg-ice ; mia-tmle ; IPW-nm,OLS,A,200,1000,TRUE,50,20,,2A,1,0,0,0,0,exch,0.5,0.43,1,3,1,2,B ~ A * C,B1 ~ A1 * C1,0,mia-pkg-ice,1000,0,2.01,0.02,0.56,2.11,0.92,-0.01,-0.01,0.31,1.19,0.9
4,study12,gold ; CC ; MICE-std ; mia-pkg-ice ; mia-tmle ; IPW-nm,OLS,A,200,1000,TRUE,50,20,,2A,1,0,0,0,0,exch,0.5,0.43,1,3,1,2,B ~ A * C,B1 ~ A1 * C1,0,mia-tmle,1000,0.02,2.06,0.06,0.55,1.23,0.72,-0.01,-0.01,0.31,0.73,0.72
5,study12,gold ; CC ; MICE-std ; mia-pkg-ice ; mia-tmle ; IPW-nm,OLS,A,200,1000,TRUE,50,20,,2B,1,0,0,0,0,exch,0.5,0.43,1,3,1,2,B ~ A * C,B1 ~ A1 * C1,0,gold,1000,0,2,0,0.23,0.88,0.94,0,0,0.12,0.46,0.95
5,study12,gold ; CC ; MICE-std ; mia-pkg-ice ; mia-tmle ; IPW-nm,OLS,A,200,1000,TRUE,50,20,,2B,1,0,0,0,0,exch,0.5,0.43,1,3,1,2,B ~ A * C,B1 ~ A1 * C1,0,CC,1000,0,1.32,-0.67,0.73,1.09,0.34,0.8,0.8,0.81,0.64,0.01
5,study12,gold ; CC ; MICE-std ; mia-pkg-ice ; mia-tmle ; IPW-nm,OLS,A,200,1000,TRUE,50,20,,2B,1,0,0,0,0,exch,0.5,0.43,1,3,1,2,B ~ A * C,B1 ~ A1 * C1,0,MICE-std,1000,0,1.78,-0.22,0.35,1.23,0.92,0.29,0.29,0.34,0.78,0.7
5,study12,gold ; CC ; MICE-std ; mia-pkg-ice ; mia-tmle ; IPW-nm,OLS,A,200,1000,TRUE,50,20,,2B,1,0,0,0,0,exch,0.5,0.43,1,3,1,2,B ~ A * C,B1 ~ A1 * C1,0,IPW-nm,1000,0,1.56,-0.44,0.72,1.76,0.71,0.54,0.54,0.67,1.12,0.37
5,study12,gold ; CC ; MICE-std ; mia-pkg-ice ; mia-tmle ; IPW-nm,OLS,A,200,1000,TRUE,50,20,,2B,1,0,0,0,0,exch,0.5,0.43,1,3,1,2,B ~ A * C,B1 ~ A1 * C1,0,mia-pkg-ice,1000,0,1.37,-0.62,0.76,1.74,0.66,0.76,0.76,0.81,1.02,0.2
5,study12,gold ; CC ; MICE-std ; mia-pkg-ice ; mia-tmle ; IPW-nm,OLS,A,200,1000,TRUE,50,20,,2B,1,0,0,0,0,exch,0.5,0.43,1,3,1,2,B ~ A * C,B1 ~ A1 * C1,0,mia-tmle,1000,0,1.37,-0.63,0.76,1.56,0.6,0.77,0.77,0.81,0.85,0.14
6,study12,gold ; CC ; MICE-std ; mia-pkg-ice ; mia-tmle ; IPW-nm,OLS,A,200,1000,TRUE,50,20,,3A,1,0,0,0,0,exch,0.5,0.43,1,3,1,2,B ~ A * C,B1 ~ A1 * C1,1,gold,1000,0,2,0,0.32,1.25,0.94,1,0,0.17,0.65,0.95
6,study12,gold ; CC ; MICE-std ; mia-pkg-ice ; mia-tmle ; IPW-nm,OLS,A,200,1000,TRUE,50,20,,3A,1,0,0,0,0,exch,0.5,0.43,1,3,1,2,B ~ A * C,B1 ~ A1 * C1,1,CC,1000,0,2,0,0.39,1.51,0.94,1.54,0.54,0.58,0.79,0.26
6,study12,gold ; CC ; MICE-std ; mia-pkg-ice ; mia-tmle ; IPW-nm,OLS,A,200,1000,TRUE,50,20,,3A,1,0,0,0,0,exch,0.5,0.43,1,3,1,2,B ~ A * C,B1 ~ A1 * C1,1,MICE-std,1000,0,1.97,-0.03,0.37,1.71,0.98,1.28,0.28,0.36,0.93,0.78
6,study12,gold ; CC ; MICE-std ; mia-pkg-ice ; mia-tmle ; IPW-nm,OLS,A,200,1000,TRUE,50,20,,3A,1,0,0,0,0,exch,0.5,0.43,1,3,1,2,B ~ A * C,B1 ~ A1 * C1,1,IPW-nm,1000,0,2.1,0.09,0.69,2.39,0.88,1.29,0.28,0.42,1.34,0.88
6,study12,gold ; CC ; MICE-std ; mia-pkg-ice ; mia-tmle ; IPW-nm,OLS,A,200,1000,TRUE,50,20,,3A,1,0,0,0,0,exch,0.5,0.43,1,3,1,2,B ~ A * C,B1 ~ A1 * C1,1,mia-pkg-ice,1000,0,1.98,-0.03,0.63,2.5,0.94,1,0,0.33,1.25,0.92
6,study12,gold ; CC ; MICE-std ; mia-pkg-ice ; mia-tmle ; IPW-nm,OLS,A,200,1000,TRUE,50,20,,3A,1,0,0,0,0,exch,0.5,0.43,1,3,1,2,B ~ A * C,B1 ~ A1 * C1,1,mia-tmle,1000,0.01,2.22,0.22,0.72,1.74,0.75,1,0,0.34,1.06,0.86
7,study12,gold ; CC ; MICE-std ; mia-pkg-ice ; mia-tmle ; IPW-nm,OLS,A,200,1000,TRUE,50,20,,3B,1,0,0,0,0,exch,0.5,0.43,1,3,1,2.02,B ~ A * C,B1 ~ A1 * C1,1,gold,1000,0,2.02,0,0.33,1.24,0.93,1,0,0.16,0.65,0.95
7,study12,gold ; CC ; MICE-std ; mia-pkg-ice ; mia-tmle ; IPW-nm,OLS,A,200,1000,TRUE,50,20,,3B,1,0,0,0,0,exch,0.5,0.43,1,3,1,2.02,B ~ A * C,B1 ~ A1 * C1,1,CC,1000,0,2.01,-0.01,0.43,1.53,0.92,1.94,0.94,0.96,0.82,0.02
7,study12,gold ; CC ; MICE-std ; mia-pkg-ice ; mia-tmle ; IPW-nm,OLS,A,200,1000,TRUE,50,20,,3B,1,0,0,0,0,exch,0.5,0.43,1,3,1,2.02,B ~ A * C,B1 ~ A1 * C1,1,MICE-std,1000,0,2.28,0.26,0.5,2.08,0.96,1.39,0.39,0.45,1,0.67
7,study12,gold ; CC ; MICE-std ; mia-pkg-ice ; mia-tmle ; IPW-nm,OLS,A,200,1000,TRUE,50,20,,3B,1,0,0,0,0,exch,0.5,0.43,1,3,1,2.02,B ~ A * C,B1 ~ A1 * C1,1,IPW-nm,1000,0,2.14,0.12,0.98,2.34,0.77,1.7,0.7,0.88,1.56,0.38
7,study12,gold ; CC ; MICE-std ; mia-pkg-ice ; mia-tmle ; IPW-nm,OLS,A,200,1000,TRUE,50,20,,3B,1,0,0,0,0,exch,0.5,0.43,1,3,1,2.02,B ~ A * C,B1 ~ A1 * C1,1,mia-pkg-ice,1000,0,1.99,-0.03,0.66,2.66,0.89,1.87,0.87,0.93,1.32,0.33
7,study12,gold ; CC ; MICE-std ; mia-pkg-ice ; mia-tmle ; IPW-nm,OLS,A,200,1000,TRUE,50,20,,3B,1,0,0,0,0,exch,0.5,0.43,1,3,1,2.02,B ~ A * C,B1 ~ A1 * C1,1,mia-tmle,1000,0.03,2.01,-0.01,0.62,2.09,0.88,1.92,0.92,0.98,1.12,0.18
8,study12,gold ; CC ; MICE-std ; mia-pkg-ice ; mia-tmle ; IPW-nm,OLS,A,500,1000,TRUE,50,20,,1A,1,0,0,0,0,exch,0.5,0.43,1,3,1,3.22,B ~ A * C,B1 ~ A1 * C1,0.54,gold,1000,0,3.22,0,0.18,0.69,0.94,0.54,0,0.1,0.39,0.93
8,study12,gold ; CC ; MICE-std ; mia-pkg-ice ; mia-tmle ; IPW-nm,OLS,A,500,1000,TRUE,50,20,,1A,1,0,0,0,0,exch,0.5,0.43,1,3,1,3.22,B ~ A * C,B1 ~ A1 * C1,0.54,CC,1000,0,2.82,-0.4,0.45,0.84,0.54,1.1,0.56,0.58,0.62,0.06
8,study12,gold ; CC ; MICE-std ; mia-pkg-ice ; mia-tmle ; IPW-nm,OLS,A,500,1000,TRUE,50,20,,1A,1,0,0,0,0,exch,0.5,0.43,1,3,1,3.22,B ~ A * C,B1 ~ A1 * C1,0.54,MICE-std,1000,0,3.03,-0.19,0.29,1.14,0.96,0.8,0.25,0.3,0.9,0.88
8,study12,gold ; CC ; MICE-std ; mia-pkg-ice ; mia-tmle ; IPW-nm,OLS,A,500,1000,TRUE,50,20,,1A,1,0,0,0,0,exch,0.5,0.43,1,3,1,3.22,B ~ A * C,B1 ~ A1 * C1,0.54,IPW-nm,1000,0,3.16,-0.06,0.34,1.29,0.94,0.75,0.21,0.28,0.85,0.86
8,study12,gold ; CC ; MICE-std ; mia-pkg-ice ; mia-tmle ; IPW-nm,OLS,A,500,1000,TRUE,50,20,,1A,1,0,0,0,0,exch,0.5,0.43,1,3,1,3.22,B ~ A * C,B1 ~ A1 * C1,0.54,mia-pkg-ice,1000,0,3.21,-0.01,0.32,1.25,0.94,0.55,0.01,0.21,0.81,0.94
8,study12,gold ; CC ; MICE-std ; mia-pkg-ice ; mia-tmle ; IPW-nm,OLS,A,500,1000,TRUE,50,20,,1A,1,0,0,0,0,exch,0.5,0.43,1,3,1,3.22,B ~ A * C,B1 ~ A1 * C1,0.54,mia-tmle,1000,0,3.24,0.02,0.34,1.2,0.92,0.55,0.01,0.21,0.78,0.94
9,study12,gold ; CC ; MICE-std ; mia-pkg-ice ; mia-tmle ; IPW-nm,OLS,A,500,1000,TRUE,50,20,,1B,1,0,0,0,0,exch,0.5,0.43,1,3,1,3.23,B ~ A * C,B1 ~ A1 * C1,0.54,gold,1000,0,3.23,0,0.17,0.69,0.96,0.54,0,0.1,0.39,0.96
9,study12,gold ; CC ; MICE-std ; mia-pkg-ice ; mia-tmle ; IPW-nm,OLS,A,500,1000,TRUE,50,20,,1B,1,0,0,0,0,exch,0.5,0.43,1,3,1,3.23,B ~ A * C,B1 ~ A1 * C1,0.54,CC,1000,0,2.14,-1.09,1.12,0.96,0.01,1.86,1.32,1.33,0.73,0
9,study12,gold ; CC ; MICE-std ; mia-pkg-ice ; mia-tmle ; IPW-nm,OLS,A,500,1000,TRUE,50,20,,1B,1,0,0,0,0,exch,0.5,0.43,1,3,1,3.23,B ~ A * C,B1 ~ A1 * C1,0.54,MICE-std,1000,0,3,-0.22,0.31,1.2,0.97,0.88,0.34,0.38,0.94,0.77
9,study12,gold ; CC ; MICE-std ; mia-pkg-ice ; mia-tmle ; IPW-nm,OLS,A,500,1000,TRUE,50,20,,1B,1,0,0,0,0,exch,0.5,0.43,1,3,1,3.23,B ~ A * C,B1 ~ A1 * C1,0.54,IPW-nm,1000,0,2.73,-0.5,0.84,1.97,0.66,1.31,0.77,0.95,1.62,0.48
9,study12,gold ; CC ; MICE-std ; mia-pkg-ice ; mia-tmle ; IPW-nm,OLS,A,500,1000,TRUE,50,20,,1B,1,0,0,0,0,exch,0.5,0.43,1,3,1,3.23,B ~ A * C,B1 ~ A1 * C1,0.54,mia-pkg-ice,1000,0,2.36,-0.87,0.96,1.6,0.44,1.61,1.08,1.13,1.31,0.21
9,study12,gold ; CC ; MICE-std ; mia-pkg-ice ; mia-tmle ; IPW-nm,OLS,A,500,1000,TRUE,50,20,,1B,1,0,0,0,0,exch,0.5,0.43,1,3,1,3.23,B ~ A * C,B1 ~ A1 * C1,0.54,mia-tmle,1000,0,2.34,-0.89,0.98,1.42,0.36,1.65,1.11,1.17,1.09,0.12
10,study12,gold ; CC ; MICE-std ; mia-pkg-ice ; mia-tmle ; IPW-nm,OLS,A,500,1000,TRUE,50,20,,1C,1,0,0,0,0,exch,0.5,0.43,1,3,1,1.99,B ~ A * C,B1 ~ A1 * C1,0,gold,1000,0,1.99,0,0.14,0.56,0.95,0,0,0.07,0.29,0.95
10,study12,gold ; CC ; MICE-std ; mia-pkg-ice ; mia-tmle ; IPW-nm,OLS,A,500,1000,TRUE,50,20,,1C,1,0,0,0,0,exch,0.5,0.43,1,3,1,1.99,B ~ A * C,B1 ~ A1 * C1,0,CC,1000,0,2,0,0.23,0.89,0.95,0,0,0.17,0.64,0.92
10,study12,gold ; CC ; MICE-std ; mia-pkg-ice ; mia-tmle ; IPW-nm,OLS,A,500,1000,TRUE,50,20,,1C,1,0,0,0,0,exch,0.5,0.43,1,3,1,1.99,B ~ A * C,B1 ~ A1 * C1,0,MICE-std,1000,0,2.02,0.02,0.19,0.98,0.99,-0.03,-0.03,0.13,0.77,1
10,study12,gold ; CC ; MICE-std ; mia-pkg-ice ; mia-tmle ; IPW-nm,OLS,A,500,1000,TRUE,50,20,,1C,1,0,0,0,0,exch,0.5,0.43,1,3,1,1.99,B ~ A * C,B1 ~ A1 * C1,0,IPW-nm,1000,0,2.02,0.02,0.45,1.5,0.91,-0.05,-0.05,0.33,1.13,0.9
10,study12,gold ; CC ; MICE-std ; mia-pkg-ice ; mia-tmle ; IPW-nm,OLS,A,500,1000,TRUE,50,20,,1C,1,0,0,0,0,exch,0.5,0.43,1,3,1,1.99,B ~ A * C,B1 ~ A1 * C1,0,mia-pkg-ice,1000,0,1.98,-0.01,0.36,1.34,0.94,0.01,0.01,0.28,0.99,0.91
10,study12,gold ; CC ; MICE-std ; mia-pkg-ice ; mia-tmle ; IPW-nm,OLS,A,500,1000,TRUE,50,20,,1C,1,0,0,0,0,exch,0.5,0.43,1,3,1,1.99,B ~ A * C,B1 ~ A1 * C1,0,mia-tmle,1000,0,1.98,-0.01,0.36,1.26,0.92,0.01,0.01,0.28,0.89,0.88
11,study12,gold ; CC ; MICE-std ; mia-pkg-ice ; mia-tmle ; IPW-nm,OLS,A,500,1000,TRUE,50,20,,2A,1,0,0,0,0,exch,0.5,0.43,1,3,1,2,B ~ A * C,B1 ~ A1 * C1,0,gold,1000,0,2,0,0.14,0.55,0.94,0,0,0.07,0.29,0.95
11,study12,gold ; CC ; MICE-std ; mia-pkg-ice ; mia-tmle ; IPW-nm,OLS,A,500,1000,TRUE,50,20,,2A,1,0,0,0,0,exch,0.5,0.43,1,3,1,2,B ~ A * C,B1 ~ A1 * C1,0,CC,1000,0,1.99,-0.01,0.2,0.76,0.94,0.13,0.13,0.18,0.44,0.76
11,study12,gold ; CC ; MICE-std ; mia-pkg-ice ; mia-tmle ; IPW-nm,OLS,A,500,1000,TRUE,50,20,,2A,1,0,0,0,0,exch,0.5,0.43,1,3,1,2,B ~ A * C,B1 ~ A1 * C1,0,MICE-std,1000,0,2,-0.01,0.2,1.05,0.99,0.08,0.08,0.15,0.78,0.99
11,study12,gold ; CC ; MICE-std ; mia-pkg-ice ; mia-tmle ; IPW-nm,OLS,A,500,1000,TRUE,50,20,,2A,1,0,0,0,0,exch,0.5,0.43,1,3,1,2,B ~ A * C,B1 ~ A1 * C1,0,IPW-nm,1000,0,1.99,-0.01,0.33,1.2,0.93,0.05,0.06,0.17,0.7,0.95
11,study12,gold ; CC ; MICE-std ; mia-pkg-ice ; mia-tmle ; IPW-nm,OLS,A,500,1000,TRUE,50,20,,2A,1,0,0,0,0,exch,0.5,0.43,1,3,1,2,B ~ A * C,B1 ~ A1 * C1,0,mia-pkg-ice,1000,0,1.99,-0.01,0.34,1.31,0.94,-0.01,0,0.19,0.72,0.93
11,study12,gold ; CC ; MICE-std ; mia-pkg-ice ; mia-tmle ; IPW-nm,OLS,A,500,1000,TRUE,50,20,,2A,1,0,0,0,0,exch,0.5,0.43,1,3,1,2,B ~ A * C,B1 ~ A1 * C1,0,mia-tmle,1000,0,2,-0.01,0.34,1.08,0.88,-0.01,0,0.19,0.69,0.92
12,study12,gold ; CC ; MICE-std ; mia-pkg-ice ; mia-tmle ; IPW-nm,OLS,A,500,1000,TRUE,50,20,,2B,1,0,0,0,0,exch,0.5,0.43,1,3,1,2,B ~ A * C,B1 ~ A1 * C1,0,gold,1000,0,2,0,0.15,0.56,0.94,0,0,0.07,0.29,0.95
12,study12,gold ; CC ; MICE-std ; mia-pkg-ice ; mia-tmle ; IPW-nm,OLS,A,500,1000,TRUE,50,20,,2B,1,0,0,0,0,exch,0.5,0.43,1,3,1,2,B ~ A * C,B1 ~ A1 * C1,0,CC,1000,0,1.34,-0.66,0.69,0.69,0.05,0.79,0.79,0.8,0.41,0
12,study12,gold ; CC ; MICE-std ; mia-pkg-ice ; mia-tmle ; IPW-nm,OLS,A,500,1000,TRUE,50,20,,2B,1,0,0,0,0,exch,0.5,0.43,1,3,1,2,B ~ A * C,B1 ~ A1 * C1,0,MICE-std,1000,0,1.83,-0.17,0.24,0.85,0.92,0.24,0.24,0.26,0.6,0.69
12,study12,gold ; CC ; MICE-std ; mia-pkg-ice ; mia-tmle ; IPW-nm,OLS,A,500,1000,TRUE,50,20,,2B,1,0,0,0,0,exch,0.5,0.43,1,3,1,2,B ~ A * C,B1 ~ A1 * C1,0,IPW-nm,1000,0,1.54,-0.46,0.61,1.2,0.54,0.58,0.58,0.65,0.83,0.26
12,study12,gold ; CC ; MICE-std ; mia-pkg-ice ; mia-tmle ; IPW-nm,OLS,A,500,1000,TRUE,50,20,,2B,1,0,0,0,0,exch,0.5,0.43,1,3,1,2,B ~ A * C,B1 ~ A1 * C1,0,mia-pkg-ice,1000,0,1.41,-0.59,0.65,1.05,0.43,0.71,0.7,0.73,0.68,0.11
12,study12,gold ; CC ; MICE-std ; mia-pkg-ice ; mia-tmle ; IPW-nm,OLS,A,500,1000,TRUE,50,20,,2B,1,0,0,0,0,exch,0.5,0.43,1,3,1,2,B ~ A * C,B1 ~ A1 * C1,0,mia-tmle,1000,0,1.44,-0.57,0.64,1.02,0.42,0.69,0.69,0.72,0.65,0.1
13,study12,gold ; CC ; MICE-std ; mia-pkg-ice ; mia-tmle ; IPW-nm,OLS,A,500,1000,TRUE,50,20,,3A,1,0,0,0,0,exch,0.5,0.43,1,3,1,2,B ~ A * C,B1 ~ A1 * C1,1,gold,1000,0,2,0,0.2,0.79,0.95,1,0,0.1,0.41,0.95
13,study12,gold ; CC ; MICE-std ; mia-pkg-ice ; mia-tmle ; IPW-nm,OLS,A,500,1000,TRUE,50,20,,3A,1,0,0,0,0,exch,0.5,0.43,1,3,1,2,B ~ A * C,B1 ~ A1 * C1,1,CC,1000,0,2,0,0.24,0.97,0.94,1.54,0.54,0.55,0.5,0.01
13,study12,gold ; CC ; MICE-std ; mia-pkg-ice ; mia-tmle ; IPW-nm,OLS,A,500,1000,TRUE,50,20,,3A,1,0,0,0,0,exch,0.5,0.43,1,3,1,2,B ~ A * C,B1 ~ A1 * C1,1,MICE-std,1000,0,1.97,-0.04,0.24,1.19,0.98,1.26,0.27,0.3,0.7,0.73
13,study12,gold ; CC ; MICE-std ; mia-pkg-ice ; mia-tmle ; IPW-nm,OLS,A,500,1000,TRUE,50,20,,3A,1,0,0,0,0,exch,0.5,0.43,1,3,1,2,B ~ A * C,B1 ~ A1 * C1,1,IPW-nm,1000,0,2,0,0.41,1.63,0.95,1.28,0.28,0.33,0.85,0.77
13,study12,gold ; CC ; MICE-std ; mia-pkg-ice ; mia-tmle ; IPW-nm,OLS,A,500,1000,TRUE,50,20,,3A,1,0,0,0,0,exch,0.5,0.43,1,3,1,2,B ~ A * C,B1 ~ A1 * C1,1,mia-pkg-ice,1000,0,2,0,0.41,1.54,0.93,0.99,-0.01,0.19,0.79,0.95
13,study12,gold ; CC ; MICE-std ; mia-pkg-ice ; mia-tmle ; IPW-nm,OLS,A,500,1000,TRUE,50,20,,3A,1,0,0,0,0,exch,0.5,0.43,1,3,1,2,B ~ A * C,B1 ~ A1 * C1,1,mia-tmle,1000,0,2.01,0,0.42,1.34,0.88,0.99,-0.01,0.2,0.78,0.94
14,study12,gold ; CC ; MICE-std ; mia-pkg-ice ; mia-tmle ; IPW-nm,OLS,A,500,1000,TRUE,50,20,,3B,1,0,0,0,0,exch,0.5,0.43,1,3,1,2,B ~ A * C,B1 ~ A1 * C1,1,gold,1000,0,2,0,0.2,0.79,0.94,1,0,0.1,0.41,0.95
14,study12,gold ; CC ; MICE-std ; mia-pkg-ice ; mia-tmle ; IPW-nm,OLS,A,500,1000,TRUE,50,20,,3B,1,0,0,0,0,exch,0.5,0.43,1,3,1,2,B ~ A * C,B1 ~ A1 * C1,1,CC,1000,0,2,0,0.25,0.99,0.94,1.94,0.94,0.95,0.51,0
14,study12,gold ; CC ; MICE-std ; mia-pkg-ice ; mia-tmle ; IPW-nm,OLS,A,500,1000,TRUE,50,20,,3B,1,0,0,0,0,exch,0.5,0.43,1,3,1,2,B ~ A * C,B1 ~ A1 * C1,1,MICE-std,1000,0,2.28,0.28,0.4,1.35,0.91,1.34,0.34,0.37,0.74,0.56
14,study12,gold ; CC ; MICE-std ; mia-pkg-ice ; mia-tmle ; IPW-nm,OLS,A,500,1000,TRUE,50,20,,3B,1,0,0,0,0,exch,0.5,0.43,1,3,1,2,B ~ A * C,B1 ~ A1 * C1,1,IPW-nm,1000,0,2.13,0.13,0.83,2.12,0.84,1.69,0.7,0.82,1.38,0.46
14,study12,gold ; CC ; MICE-std ; mia-pkg-ice ; mia-tmle ; IPW-nm,OLS,A,500,1000,TRUE,50,20,,3B,1,0,0,0,0,exch,0.5,0.43,1,3,1,2,B ~ A * C,B1 ~ A1 * C1,1,mia-pkg-ice,1000,0,2,0,0.4,1.65,0.93,1.82,0.83,0.85,0.85,0.11
14,study12,gold ; CC ; MICE-std ; mia-pkg-ice ; mia-tmle ; IPW-nm,OLS,A,500,1000,TRUE,50,20,,3B,1,0,0,0,0,exch,0.5,0.43,1,3,1,2,B ~ A * C,B1 ~ A1 * C1,1,mia-tmle,1000,0,2.07,0.07,0.41,1.41,0.91,1.86,0.86,0.89,0.78,0.08
15,study12,gold ; CC ; MICE-std ; mia-pkg-ice ; mia-tmle ; IPW-nm,OLS,A,1000,1000,TRUE,50,20,,1A,1,0,0,0,0,exch,0.5,0.43,1,3,1,3.23,B ~ A * C,B1 ~ A1 * C1,0.54,gold,1000,0,3.23,0,0.12,0.49,0.95,0.54,0,0.07,0.27,0.95
15,study12,gold ; CC ; MICE-std ; mia-pkg-ice ; mia-tmle ; IPW-nm,OLS,A,1000,1000,TRUE,50,20,,1A,1,0,0,0,0,exch,0.5,0.43,1,3,1,3.23,B ~ A * C,B1 ~ A1 * C1,0.54,CC,1000,0,2.83,-0.39,0.42,0.6,0.28,1.09,0.55,0.56,0.44,0
15,study12,gold ; CC ; MICE-std ; mia-pkg-ice ; mia-tmle ; IPW-nm,OLS,A,1000,1000,TRUE,50,20,,1A,1,0,0,0,0,exch,0.5,0.43,1,3,1,3.23,B ~ A * C,B1 ~ A1 * C1,0.54,MICE-std,1000,0,3.04,-0.18,0.24,1,0.96,0.78,0.24,0.27,0.85,0.93
15,study12,gold ; CC ; MICE-std ; mia-pkg-ice ; mia-tmle ; IPW-nm,OLS,A,1000,1000,TRUE,50,20,,1A,1,0,0,0,0,exch,0.5,0.43,1,3,1,3.23,B ~ A * C,B1 ~ A1 * C1,0.54,IPW-nm,1000,0,3.16,-0.06,0.24,0.93,0.95,0.73,0.2,0.24,0.6,0.79
15,study12,gold ; CC ; MICE-std ; mia-pkg-ice ; mia-tmle ; IPW-nm,OLS,A,1000,1000,TRUE,50,20,,1A,1,0,0,0,0,exch,0.5,0.43,1,3,1,3.23,B ~ A * C,B1 ~ A1 * C1,0.54,mia-pkg-ice,1000,0,3.22,-0.01,0.22,0.87,0.95,0.54,0,0.14,0.57,0.95
15,study12,gold ; CC ; MICE-std ; mia-pkg-ice ; mia-tmle ; IPW-nm,OLS,A,1000,1000,TRUE,50,20,,1A,1,0,0,0,0,exch,0.5,0.43,1,3,1,3.23,B ~ A * C,B1 ~ A1 * C1,0.54,mia-tmle,1000,0,3.22,-0.01,0.24,0.89,0.93,0.54,0,0.14,0.57,0.95
16,study12,gold ; CC ; MICE-std ; mia-pkg-ice ; mia-tmle,OLS,A,1000,1000,TRUE,50,20,,1A,10,5,3,2,0.4,exch,0.5,0.1,1,3,1,3.13,B ~ A * C,B1 ~ A1 * C1,0.6,gold,970,0,3.13,0,0.13,0.5,0.94,0.6,0,0.07,0.26,0.95
16,study12,gold ; CC ; MICE-std ; mia-pkg-ice ; mia-tmle,OLS,A,1000,1000,TRUE,50,20,,1A,10,5,3,2,0.4,exch,0.5,0.1,1,3,1,3.13,B ~ A * C,B1 ~ A1 * C1,0.6,CC,970,0,3.04,-0.09,0.18,0.6,0.91,0.87,0.27,0.29,0.37,0.18
16,study12,gold ; CC ; MICE-std ; mia-pkg-ice ; mia-tmle,OLS,A,1000,1000,TRUE,50,20,,1A,10,5,3,2,0.4,exch,0.5,0.1,1,3,1,3.13,B ~ A * C,B1 ~ A1 * C1,0.6,MICE-std,970,0,3.09,-0.05,0.16,0.62,0.95,0.6,0.01,0.09,0.35,0.95
16,study12,gold ; CC ; MICE-std ; mia-pkg-ice ; mia-tmle,OLS,A,1000,1000,TRUE,50,20,,1A,10,5,3,2,0.4,exch,0.5,0.1,1,3,1,3.13,B ~ A * C,B1 ~ A1 * C1,0.6,mia-pkg-ice,970,0,3.13,0,0.21,0.81,0.94,0.6,0,0.12,0.47,0.95
16,study12,gold ; CC ; MICE-std ; mia-pkg-ice ; mia-tmle,OLS,A,1000,1000,TRUE,50,20,,1A,10,5,3,2,0.4,exch,0.5,0.1,1,3,1,3.13,B ~ A * C,B1 ~ A1 * C1,0.6,mia-tmle,970,0,3.13,0,0.22,0.83,0.94,0.6,0,0.12,0.49,0.96
17,study12,gold ; CC ; MICE-std ; mia-pkg-ice ; mia-tmle ; IPW-nm,OLS,A,1000,1000,TRUE,50,20,,1B,1,0,0,0,0,exch,0.5,0.43,1,3,1,3.22,B ~ A * C,B1 ~ A1 * C1,0.54,gold,1000,0,3.22,0,0.13,0.49,0.95,0.54,0,0.07,0.27,0.96
17,study12,gold ; CC ; MICE-std ; mia-pkg-ice ; mia-tmle ; IPW-nm,OLS,A,1000,1000,TRUE,50,20,,1B,1,0,0,0,0,exch,0.5,0.43,1,3,1,3.22,B ~ A * C,B1 ~ A1 * C1,0.54,CC,1000,0,2.13,-1.09,1.11,0.68,0,1.86,1.33,1.33,0.52,0
17,study12,gold ; CC ; MICE-std ; mia-pkg-ice ; mia-tmle ; IPW-nm,OLS,A,1000,1000,TRUE,50,20,,1B,1,0,0,0,0,exch,0.5,0.43,1,3,1,3.22,B ~ A * C,B1 ~ A1 * C1,0.54,MICE-std,1000,0,3.02,-0.2,0.26,1.02,0.97,0.86,0.32,0.34,0.87,0.8
17,study12,gold ; CC ; MICE-std ; mia-pkg-ice ; mia-tmle ; IPW-nm,OLS,A,1000,1000,TRUE,50,20,,1B,1,0,0,0,0,exch,0.5,0.43,1,3,1,3.22,B ~ A * C,B1 ~ A1 * C1,0.54,IPW-nm,1000,0,2.84,-0.38,0.69,1.57,0.66,1.22,0.68,0.87,1.34,0.55
17,study12,gold ; CC ; MICE-std ; mia-pkg-ice ; mia-tmle ; IPW-nm,OLS,A,1000,1000,TRUE,50,20,,1B,1,0,0,0,0,exch,0.5,0.43,1,3,1,3.22,B ~ A * C,B1 ~ A1 * C1,0.54,mia-pkg-ice,1000,0,2.38,-0.84,0.89,1.13,0.21,1.59,1.06,1.08,0.93,0.04
17,study12,gold ; CC ; MICE-std ; mia-pkg-ice ; mia-tmle ; IPW-nm,OLS,A,1000,1000,TRUE,50,20,,1B,1,0,0,0,0,exch,0.5,0.43,1,3,1,3.22,B ~ A * C,B1 ~ A1 * C1,0.54,mia-tmle,1000,0,2.39,-0.83,0.89,1.07,0.2,1.6,1.06,1.09,0.86,0.03
18,study12,gold ; CC ; MICE-std ; mia-pkg-ice ; mia-tmle,OLS,A,1000,1000,TRUE,50,20,,1B,10,5,3,2,0.4,exch,0.5,0.1,1,3,1,3.12,B ~ A * C,B1 ~ A1 * C1,0.6,gold,740,0,3.12,0,0.13,0.5,0.95,0.6,0,0.07,0.26,0.94
18,study12,gold ; CC ; MICE-std ; mia-pkg-ice ; mia-tmle,OLS,A,1000,1000,TRUE,50,20,,1B,10,5,3,2,0.4,exch,0.5,0.1,1,3,1,3.12,B ~ A * C,B1 ~ A1 * C1,0.6,CC,740,0,2.79,-0.33,0.39,0.82,0.65,1.35,0.75,0.77,0.6,0
18,study12,gold ; CC ; MICE-std ; mia-pkg-ice ; mia-tmle,OLS,A,1000,1000,TRUE,50,20,,1B,10,5,3,2,0.4,exch,0.5,0.1,1,3,1,3.12,B ~ A * C,B1 ~ A1 * C1,0.6,MICE-std,740,0,2.99,-0.13,0.21,0.7,0.9,0.63,0.04,0.1,0.39,0.94
18,study12,gold ; CC ; MICE-std ; mia-pkg-ice ; mia-tmle,OLS,A,1000,1000,TRUE,50,20,,1B,10,5,3,2,0.4,exch,0.5,0.1,1,3,1,3.12,B ~ A * C,B1 ~ A1 * C1,0.6,mia-pkg-ice,740,0,2.91,-0.21,0.36,1.35,0.91,1.13,0.53,0.57,0.99,0.42
18,study12,gold ; CC ; MICE-std ; mia-pkg-ice ; mia-tmle,OLS,A,1000,1000,TRUE,50,20,,1B,10,5,3,2,0.4,exch,0.5,0.1,1,3,1,3.12,B ~ A * C,B1 ~ A1 * C1,0.6,mia-tmle,740,0,2.91,-0.21,0.37,1.11,0.85,1.13,0.53,0.58,0.82,0.31
19,study12,gold ; CC ; MICE-std ; mia-pkg-ice ; mia-tmle ; IPW-nm,OLS,A,1000,1000,TRUE,50,20,,1C,1,0,0,0,0,exch,0.5,0.43,1,3,1,2,B ~ A * C,B1 ~ A1 * C1,0,gold,1000,0,2,0,0.1,0.39,0.95,0,0,0.05,0.21,0.96
19,study12,gold ; CC ; MICE-std ; mia-pkg-ice ; mia-tmle ; IPW-nm,OLS,A,1000,1000,TRUE,50,20,,1C,1,0,0,0,0,exch,0.5,0.43,1,3,1,2,B ~ A * C,B1 ~ A1 * C1,0,CC,1000,0,1.99,-0.01,0.16,0.63,0.95,0.01,0.01,0.12,0.46,0.95
19,study12,gold ; CC ; MICE-std ; mia-pkg-ice ; mia-tmle ; IPW-nm,OLS,A,1000,1000,TRUE,50,20,,1C,1,0,0,0,0,exch,0.5,0.43,1,3,1,2,B ~ A * C,B1 ~ A1 * C1,0,MICE-std,1000,0,2.02,0.02,0.13,0.85,1,-0.03,-0.04,0.1,0.72,1
19,study12,gold ; CC ; MICE-std ; mia-pkg-ice ; mia-tmle ; IPW-nm,OLS,A,1000,1000,TRUE,50,20,,1C,1,0,0,0,0,exch,0.5,0.43,1,3,1,2,B ~ A * C,B1 ~ A1 * C1,0,IPW-nm,1000,0,2,0,0.35,1.16,0.89,-0.02,-0.02,0.26,0.92,0.9
19,study12,gold ; CC ; MICE-std ; mia-pkg-ice ; mia-tmle ; IPW-nm,OLS,A,1000,1000,TRUE,50,20,,1C,1,0,0,0,0,exch,0.5,0.43,1,3,1,2,B ~ A * C,B1 ~ A1 * C1,0,mia-pkg-ice,1000,0,2,0,0.25,0.95,0.94,0,0,0.2,0.72,0.92
19,study12,gold ; CC ; MICE-std ; mia-pkg-ice ; mia-tmle ; IPW-nm,OLS,A,1000,1000,TRUE,50,20,,1C,1,0,0,0,0,exch,0.5,0.43,1,3,1,2,B ~ A * C,B1 ~ A1 * C1,0,mia-tmle,1000,0,1.99,-0.01,0.26,0.94,0.92,0.01,0.01,0.22,0.71,0.88
20,study12,gold ; CC ; MICE-std ; mia-pkg-ice ; mia-tmle,OLS,A,1000,1000,TRUE,50,20,,1C,10,5,3,2,0.4,exch,0.5,0.1,1,3,1,1.99,B ~ A * C,B1 ~ A1 * C1,0,gold,830,0,1.99,0,0.1,0.4,0.95,0,0,0.05,0.2,0.96
20,study12,gold ; CC ; MICE-std ; mia-pkg-ice ; mia-tmle,OLS,A,1000,1000,TRUE,50,20,,1C,10,5,3,2,0.4,exch,0.5,0.1,1,3,1,1.99,B ~ A * C,B1 ~ A1 * C1,0,CC,830,0,1.98,-0.01,0.18,0.68,0.94,0.01,0,0.13,0.49,0.94
20,study12,gold ; CC ; MICE-std ; mia-pkg-ice ; mia-tmle,OLS,A,1000,1000,TRUE,50,20,,1C,10,5,3,2,0.4,exch,0.5,0.1,1,3,1,1.99,B ~ A * C,B1 ~ A1 * C1,0,MICE-std,830,0,2.01,0.01,0.13,0.55,0.96,0,0,0.08,0.35,0.96
20,study12,gold ; CC ; MICE-std ; mia-pkg-ice ; mia-tmle,OLS,A,1000,1000,TRUE,50,20,,1C,10,5,3,2,0.4,exch,0.5,0.1,1,3,1,1.99,B ~ A * C,B1 ~ A1 * C1,0,mia-pkg-ice,830,0,1.98,-0.02,0.26,1.31,0.97,0.01,0.01,0.2,0.97,0.97
20,study12,gold ; CC ; MICE-std ; mia-pkg-ice ; mia-tmle,OLS,A,1000,1000,TRUE,50,20,,1C,10,5,3,2,0.4,exch,0.5,0.1,1,3,1,1.99,B ~ A * C,B1 ~ A1 * C1,0,mia-tmle,830,0,1.98,-0.02,0.28,0.98,0.92,0.01,0.01,0.22,0.74,0.91
21,study12,gold ; CC ; MICE-std ; mia-pkg-ice ; mia-tmle ; IPW-nm,OLS,A,1000,1000,TRUE,50,20,,2A,1,0,0,0,0,exch,0.5,0.43,1,3,1,2,B ~ A * C,B1 ~ A1 * C1,0,gold,1000,0,2,0,0.1,0.39,0.96,0,0,0.05,0.2,0.96
21,study12,gold ; CC ; MICE-std ; mia-pkg-ice ; mia-tmle ; IPW-nm,OLS,A,1000,1000,TRUE,50,20,,2A,1,0,0,0,0,exch,0.5,0.43,1,3,1,2,B ~ A * C,B1 ~ A1 * C1,0,CC,1000,0,1.99,-0.01,0.13,0.54,0.96,0.13,0.13,0.16,0.31,0.59
21,study12,gold ; CC ; MICE-std ; mia-pkg-ice ; mia-tmle ; IPW-nm,OLS,A,1000,1000,TRUE,50,20,,2A,1,0,0,0,0,exch,0.5,0.43,1,3,1,2,B ~ A * C,B1 ~ A1 * C1,0,MICE-std,1000,0,1.99,-0.01,0.14,0.96,1,0.08,0.08,0.12,0.75,1
21,study12,gold ; CC ; MICE-std ; mia-pkg-ice ; mia-tmle ; IPW-nm,OLS,A,1000,1000,TRUE,50,20,,2A,1,0,0,0,0,exch,0.5,0.43,1,3,1,2,B ~ A * C,B1 ~ A1 * C1,0,IPW-nm,1000,0,2.01,0,0.23,0.87,0.93,0.05,0.05,0.13,0.5,0.94
21,study12,gold ; CC ; MICE-std ; mia-pkg-ice ; mia-tmle ; IPW-nm,OLS,A,1000,1000,TRUE,50,20,,2A,1,0,0,0,0,exch,0.5,0.43,1,3,1,2,B ~ A * C,B1 ~ A1 * C1,0,mia-pkg-ice,1000,0,2,0,0.24,0.92,0.94,-0.01,0,0.13,0.5,0.94
21,study12,gold ; CC ; MICE-std ; mia-pkg-ice ; mia-tmle ; IPW-nm,OLS,A,1000,1000,TRUE,50,20,,2A,1,0,0,0,0,exch,0.5,0.43,1,3,1,2,B ~ A * C,B1 ~ A1 * C1,0,mia-tmle,1000,0,2,0,0.24,0.88,0.93,-0.01,0,0.13,0.5,0.94
22,study12,gold ; CC ; MICE-std ; mia-pkg-ice ; mia-tmle,OLS,A,1000,1000,TRUE,50,20,,2A,10,5,3,2,0.4,exch,0.5,0.1,1,3,1,2,B ~ A * C,B1 ~ A1 * C1,0,gold,810,0,2,0,0.1,0.4,0.95,0,0,0.05,0.2,0.96
22,study12,gold ; CC ; MICE-std ; mia-pkg-ice ; mia-tmle,OLS,A,1000,1000,TRUE,50,20,,2A,10,5,3,2,0.4,exch,0.5,0.1,1,3,1,2,B ~ A * C,B1 ~ A1 * C1,0,CC,810,0,2.1,0.1,0.18,0.59,0.91,0.09,0.09,0.13,0.35,0.82
22,study12,gold ; CC ; MICE-std ; mia-pkg-ice ; mia-tmle,OLS,A,1000,1000,TRUE,50,20,,2A,10,5,3,2,0.4,exch,0.5,0.1,1,3,1,2,B ~ A * C,B1 ~ A1 * C1,0,MICE-std,810,0,2,0.01,0.11,0.46,0.95,0,0,0.06,0.25,0.96
22,study12,gold ; CC ; MICE-std ; mia-pkg-ice ; mia-tmle,OLS,A,1000,1000,TRUE,50,20,,2A,10,5,3,2,0.4,exch,0.5,0.1,1,3,1,2,B ~ A * C,B1 ~ A1 * C1,0,mia-pkg-ice,810,0,2.01,0.01,0.18,0.79,0.97,0,0,0.11,0.47,0.98
22,study12,gold ; CC ; MICE-std ; mia-pkg-ice ; mia-tmle,OLS,A,1000,1000,TRUE,50,20,,2A,10,5,3,2,0.4,exch,0.5,0.1,1,3,1,2,B ~ A * C,B1 ~ A1 * C1,0,mia-tmle,810,0,2,0,0.16,0.65,0.95,0,0,0.08,0.35,0.97
23,study12,gold ; CC ; MICE-std ; mia-pkg-ice ; mia-tmle ; IPW-nm,OLS,A,1000,1000,TRUE,50,20,,2B,1,0,0,0,0,exch,0.5,0.43,1,3,1,2,B ~ A * C,B1 ~ A1 * C1,0,gold,1000,0,2,0,0.1,0.4,0.93,0,0,0.05,0.21,0.94
23,study12,gold ; CC ; MICE-std ; mia-pkg-ice ; mia-tmle ; IPW-nm,OLS,A,1000,1000,TRUE,50,20,,2B,1,0,0,0,0,exch,0.5,0.43,1,3,1,2,B ~ A * C,B1 ~ A1 * C1,0,CC,1000,0,1.33,-0.66,0.68,0.49,0,0.79,0.79,0.8,0.29,0
23,study12,gold ; CC ; MICE-std ; mia-pkg-ice ; mia-tmle ; IPW-nm,OLS,A,1000,1000,TRUE,50,20,,2B,1,0,0,0,0,exch,0.5,0.43,1,3,1,2,B ~ A * C,B1 ~ A1 * C1,0,MICE-std,1000,0,1.84,-0.15,0.2,0.7,0.94,0.22,0.22,0.23,0.54,0.72
23,study12,gold ; CC ; MICE-std ; mia-pkg-ice ; mia-tmle ; IPW-nm,OLS,A,1000,1000,TRUE,50,20,,2B,1,0,0,0,0,exch,0.5,0.43,1,3,1,2,B ~ A * C,B1 ~ A1 * C1,0,IPW-nm,1000,0,1.55,-0.45,0.55,0.88,0.4,0.6,0.6,0.66,0.63,0.24
23,study12,gold ; CC ; MICE-std ; mia-pkg-ice ; mia-tmle ; IPW-nm,OLS,A,1000,1000,TRUE,50,20,,2B,1,0,0,0,0,exch,0.5,0.43,1,3,1,2,B ~ A * C,B1 ~ A1 * C1,0,mia-pkg-ice,1000,0,1.43,-0.56,0.6,0.75,0.22,0.69,0.69,0.7,0.5,0.02
23,study12,gold ; CC ; MICE-std ; mia-pkg-ice ; mia-tmle ; IPW-nm,OLS,A,1000,1000,TRUE,50,20,,2B,1,0,0,0,0,exch,0.5,0.43,1,3,1,2,B ~ A * C,B1 ~ A1 * C1,0,mia-tmle,1000,0,1.45,-0.54,0.58,0.75,0.23,0.67,0.67,0.69,0.5,0.02
24,study12,gold ; CC ; MICE-std ; mia-pkg-ice ; mia-tmle,OLS,A,1000,1000,TRUE,50,20,,2B,10,5,3,2,0.4,exch,0.5,0.1,1,3,1,2,B ~ A * C,B1 ~ A1 * C1,0,gold,730,0,2,0,0.1,0.39,0.96,0,0,0.05,0.2,0.96
24,study12,gold ; CC ; MICE-std ; mia-pkg-ice ; mia-tmle,OLS,A,1000,1000,TRUE,50,20,,2B,10,5,3,2,0.4,exch,0.5,0.1,1,3,1,2,B ~ A * C,B1 ~ A1 * C1,0,CC,730,0,2.17,0.17,0.26,0.8,0.87,0.17,0.17,0.22,0.52,0.73
24,study12,gold ; CC ; MICE-std ; mia-pkg-ice ; mia-tmle,OLS,A,1000,1000,TRUE,50,20,,2B,10,5,3,2,0.4,exch,0.5,0.1,1,3,1,2,B ~ A * C,B1 ~ A1 * C1,0,MICE-std,730,0,2.02,0.02,0.12,0.49,0.96,0,0,0.06,0.25,0.96
24,study12,gold ; CC ; MICE-std ; mia-pkg-ice ; mia-tmle,OLS,A,1000,1000,TRUE,50,20,,2B,10,5,3,2,0.4,exch,0.5,0.1,1,3,1,2,B ~ A * C,B1 ~ A1 * C1,0,mia-pkg-ice,730,0,2.14,0.14,0.54,21.91,0.97,0.1,0.1,0.25,7.8,0.95
24,study12,gold ; CC ; MICE-std ; mia-pkg-ice ; mia-tmle,OLS,A,1000,1000,TRUE,50,20,,2B,10,5,3,2,0.4,exch,0.5,0.1,1,3,1,2,B ~ A * C,B1 ~ A1 * C1,0,mia-tmle,730,0,2.13,0.13,0.29,0.96,0.9,0.1,0.1,0.18,0.58,0.88
25,study12,gold ; CC ; MICE-std ; mia-pkg-ice ; mia-tmle ; IPW-nm,OLS,A,1000,1000,TRUE,50,20,,3A,1,0,0,0,0,exch,0.5,0.43,1,3,1,2,B ~ A * C,B1 ~ A1 * C1,1,gold,1000,0,2,0,0.14,0.56,0.94,1,0,0.08,0.29,0.94
25,study12,gold ; CC ; MICE-std ; mia-pkg-ice ; mia-tmle ; IPW-nm,OLS,A,1000,1000,TRUE,50,20,,3A,1,0,0,0,0,exch,0.5,0.43,1,3,1,2,B ~ A * C,B1 ~ A1 * C1,1,CC,1000,0,1.99,-0.01,0.18,0.68,0.95,1.54,0.54,0.54,0.35,0
25,study12,gold ; CC ; MICE-std ; mia-pkg-ice ; mia-tmle ; IPW-nm,OLS,A,1000,1000,TRUE,50,20,,3A,1,0,0,0,0,exch,0.5,0.43,1,3,1,2,B ~ A * C,B1 ~ A1 * C1,1,MICE-std,1000,0,1.96,-0.04,0.18,0.97,0.99,1.27,0.26,0.28,0.61,0.66
25,study12,gold ; CC ; MICE-std ; mia-pkg-ice ; mia-tmle ; IPW-nm,OLS,A,1000,1000,TRUE,50,20,,3A,1,0,0,0,0,exch,0.5,0.43,1,3,1,2,B ~ A * C,B1 ~ A1 * C1,1,IPW-nm,1000,0,1.99,-0.01,0.29,1.14,0.95,1.27,0.27,0.3,0.59,0.57
25,study12,gold ; CC ; MICE-std ; mia-pkg-ice ; mia-tmle ; IPW-nm,OLS,A,1000,1000,TRUE,50,20,,3A,1,0,0,0,0,exch,0.5,0.43,1,3,1,2,B ~ A * C,B1 ~ A1 * C1,1,mia-pkg-ice,1000,0,1.99,0,0.27,1.06,0.94,1.01,0,0.14,0.54,0.95
25,study12,gold ; CC ; MICE-std ; mia-pkg-ice ; mia-tmle ; IPW-nm,OLS,A,1000,1000,TRUE,50,20,,3A,1,0,0,0,0,exch,0.5,0.43,1,3,1,2,B ~ A * C,B1 ~ A1 * C1,1,mia-tmle,1000,0,1.99,0,0.27,1.03,0.94,1.01,0,0.14,0.55,0.95
26,study12,gold ; CC ; MICE-std ; mia-pkg-ice ; mia-tmle,OLS,A,1000,1000,TRUE,50,20,,3A,10,5,3,2,0.4,exch,0.5,0.1,1,3,1,2,B ~ A * C,B1 ~ A1 * C1,1,gold,740,0,2,0,0.15,0.56,0.95,1,0,0.07,0.29,0.96
26,study12,gold ; CC ; MICE-std ; mia-pkg-ice ; mia-tmle,OLS,A,1000,1000,TRUE,50,20,,3A,10,5,3,2,0.4,exch,0.5,0.1,1,3,1,2,B ~ A * C,B1 ~ A1 * C1,1,CC,740,0,1.99,0,0.18,0.71,0.96,1.41,0.41,0.42,0.37,0
26,study12,gold ; CC ; MICE-std ; mia-pkg-ice ; mia-tmle,OLS,A,1000,1000,TRUE,50,20,,3A,10,5,3,2,0.4,exch,0.5,0.1,1,3,1,2,B ~ A * C,B1 ~ A1 * C1,1,MICE-std,740,0,1.95,-0.05,0.16,0.71,0.97,1.02,0.01,0.09,0.38,0.96
26,study12,gold ; CC ; MICE-std ; mia-pkg-ice ; mia-tmle,OLS,A,1000,1000,TRUE,50,20,,3A,10,5,3,2,0.4,exch,0.5,0.1,1,3,1,2,B ~ A * C,B1 ~ A1 * C1,1,mia-pkg-ice,740,0,1.99,-0.01,0.24,1.01,0.95,1.01,0.01,0.12,0.48,0.95
26,study12,gold ; CC ; MICE-std ; mia-pkg-ice ; mia-tmle,OLS,A,1000,1000,TRUE,50,20,,3A,10,5,3,2,0.4,exch,0.5,0.1,1,3,1,2,B ~ A * C,B1 ~ A1 * C1,1,mia-tmle,740,0,2,0,0.25,0.96,0.93,1.01,0.01,0.13,0.52,0.95
27,study12,gold ; CC ; MICE-std ; mia-pkg-ice ; mia-tmle ; IPW-nm,OLS,A,1000,1000,TRUE,50,20,,3B,1,0,0,0,0,exch,0.5,0.43,1,3,1,2,B ~ A * C,B1 ~ A1 * C1,1,gold,1000,0,2,0,0.14,0.56,0.95,1,0,0.08,0.29,0.94
27,study12,gold ; CC ; MICE-std ; mia-pkg-ice ; mia-tmle ; IPW-nm,OLS,A,1000,1000,TRUE,50,20,,3B,1,0,0,0,0,exch,0.5,0.43,1,3,1,2,B ~ A * C,B1 ~ A1 * C1,1,CC,1000,0,2.01,0.01,0.18,0.7,0.94,1.94,0.94,0.95,0.36,0
27,study12,gold ; CC ; MICE-std ; mia-pkg-ice ; mia-tmle ; IPW-nm,OLS,A,1000,1000,TRUE,50,20,,3B,1,0,0,0,0,exch,0.5,0.43,1,3,1,2,B ~ A * C,B1 ~ A1 * C1,1,MICE-std,1000,0,2.28,0.28,0.35,1.09,0.89,1.32,0.32,0.34,0.64,0.49
27,study12,gold ; CC ; MICE-std ; mia-pkg-ice ; mia-tmle ; IPW-nm,OLS,A,1000,1000,TRUE,50,20,,3B,1,0,0,0,0,exch,0.5,0.43,1,3,1,2,B ~ A * C,B1 ~ A1 * C1,1,IPW-nm,1000,0,2.11,0.11,0.69,1.96,0.82,1.68,0.68,0.76,1.22,0.49
27,study12,gold ; CC ; MICE-std ; mia-pkg-ice ; mia-tmle ; IPW-nm,OLS,A,1000,1000,TRUE,50,20,,3B,1,0,0,0,0,exch,0.5,0.43,1,3,1,2,B ~ A * C,B1 ~ A1 * C1,1,mia-pkg-ice,1000,0,2,0,0.29,1.14,0.93,1.83,0.83,0.84,0.59,0.01
27,study12,gold ; CC ; MICE-std ; mia-pkg-ice ; mia-tmle ; IPW-nm,OLS,A,1000,1000,TRUE,50,20,,3B,1,0,0,0,0,exch,0.5,0.43,1,3,1,2,B ~ A * C,B1 ~ A1 * C1,1,mia-tmle,1000,0,2.05,0.05,0.33,1.08,0.89,1.83,0.83,0.85,0.59,0.02
28,study12,gold ; CC ; MICE-std ; mia-pkg-ice ; mia-tmle,OLS,A,1000,1000,TRUE,50,20,,3B,10,5,3,2,0.4,exch,0.5,0.1,1,3,1,2,B ~ A * C,B1 ~ A1 * C1,1,gold,740,0,2,0,0.13,0.56,0.96,1,0,0.08,0.29,0.94
28,study12,gold ; CC ; MICE-std ; mia-pkg-ice ; mia-tmle,OLS,A,1000,1000,TRUE,50,20,,3B,10,5,3,2,0.4,exch,0.5,0.1,1,3,1,2,B ~ A * C,B1 ~ A1 * C1,1,CC,740,0,2,0,0.24,0.9,0.94,1.92,0.92,0.92,0.47,0
28,study12,gold ; CC ; MICE-std ; mia-pkg-ice ; mia-tmle,OLS,A,1000,1000,TRUE,50,20,,3B,10,5,3,2,0.4,exch,0.5,0.1,1,3,1,2,B ~ A * C,B1 ~ A1 * C1,1,MICE-std,740,0,1.83,-0.16,0.25,0.85,0.91,1.03,0.03,0.11,0.41,0.94
28,study12,gold ; CC ; MICE-std ; mia-pkg-ice ; mia-tmle,OLS,A,1000,1000,TRUE,50,20,,3B,10,5,3,2,0.4,exch,0.5,0.1,1,3,1,2,B ~ A * C,B1 ~ A1 * C1,1,mia-pkg-ice,740,0,1.97,-0.02,0.41,257.41,0.98,1.72,0.72,0.74,0.66,0.02
28,study12,gold ; CC ; MICE-std ; mia-pkg-ice ; mia-tmle,OLS,A,1000,1000,TRUE,50,20,,3B,10,5,3,2,0.4,exch,0.5,0.1,1,3,1,2,B ~ A * C,B1 ~ A1 * C1,1,mia-tmle,740,0,2.01,0.01,0.39,1.2,0.87,1.72,0.72,0.74,0.65,0.02
29,study12,gold ; CC ; MICE-std ; mia-pkg-ice ; mia-tmle ; IPW-nm,OLS,A,2000,1000,TRUE,50,20,,1A,1,0,0,0,0,exch,0.5,0.43,1,3,1,3.22,B ~ A * C,B1 ~ A1 * C1,0.54,gold,1000,0,3.22,0,0.09,0.34,0.96,0.54,0,0.05,0.19,0.96
29,study12,gold ; CC ; MICE-std ; mia-pkg-ice ; mia-tmle ; IPW-nm,OLS,A,2000,1000,TRUE,50,20,,1A,1,0,0,0,0,exch,0.5,0.43,1,3,1,3.22,B ~ A * C,B1 ~ A1 * C1,0.54,CC,1000,0,2.83,-0.4,0.41,0.42,0.04,1.1,0.56,0.56,0.31,0
29,study12,gold ; CC ; MICE-std ; mia-pkg-ice ; mia-tmle ; IPW-nm,OLS,A,2000,1000,TRUE,50,20,,1A,1,0,0,0,0,exch,0.5,0.43,1,3,1,3.22,B ~ A * C,B1 ~ A1 * C1,0.54,MICE-std,1000,0,3.04,-0.18,0.21,0.91,0.99,0.78,0.24,0.25,0.82,0.96
29,study12,gold ; CC ; MICE-std ; mia-pkg-ice ; mia-tmle ; IPW-nm,OLS,A,2000,1000,TRUE,50,20,,1A,1,0,0,0,0,exch,0.5,0.43,1,3,1,3.22,B ~ A * C,B1 ~ A1 * C1,0.54,IPW-nm,1000,0,3.16,-0.06,0.18,0.66,0.94,0.73,0.19,0.22,0.43,0.6
29,study12,gold ; CC ; MICE-std ; mia-pkg-ice ; mia-tmle ; IPW-nm,OLS,A,2000,1000,TRUE,50,20,,1A,1,0,0,0,0,exch,0.5,0.43,1,3,1,3.22,B ~ A * C,B1 ~ A1 * C1,0.54,mia-pkg-ice,1000,0,3.22,0,0.15,0.62,0.95,0.54,0,0.1,0.4,0.95
29,study12,gold ; CC ; MICE-std ; mia-pkg-ice ; mia-tmle ; IPW-nm,OLS,A,2000,1000,TRUE,50,20,,1A,1,0,0,0,0,exch,0.5,0.43,1,3,1,3.22,B ~ A * C,B1 ~ A1 * C1,0.54,mia-tmle,1000,0,3.21,-0.01,0.16,0.63,0.95,0.54,0,0.1,0.4,0.96
30,study12,gold ; CC ; MICE-std ; mia-pkg-ice ; mia-tmle,OLS,A,2000,1000,TRUE,50,20,,1A,10,5,3,2,0.4,exch,0.5,0.1,1,3,1,3.13,B ~ A * C,B1 ~ A1 * C1,0.6,gold,780,0,3.13,0,0.09,0.35,0.96,0.6,0,0.05,0.18,0.96
30,study12,gold ; CC ; MICE-std ; mia-pkg-ice ; mia-tmle,OLS,A,2000,1000,TRUE,50,20,,1A,10,5,3,2,0.4,exch,0.5,0.1,1,3,1,3.13,B ~ A * C,B1 ~ A1 * C1,0.6,CC,780,0,3.04,-0.09,0.14,0.43,0.88,0.86,0.27,0.28,0.26,0.03
30,study12,gold ; CC ; MICE-std ; mia-pkg-ice ; mia-tmle,OLS,A,2000,1000,TRUE,50,20,,1A,10,5,3,2,0.4,exch,0.5,0.1,1,3,1,3.13,B ~ A * C,B1 ~ A1 * C1,0.6,MICE-std,780,0,3.08,-0.04,0.11,0.44,0.95,0.6,0.01,0.06,0.25,0.94
30,study12,gold ; CC ; MICE-std ; mia-pkg-ice ; mia-tmle,OLS,A,2000,1000,TRUE,50,20,,1A,10,5,3,2,0.4,exch,0.5,0.1,1,3,1,3.13,B ~ A * C,B1 ~ A1 * C1,0.6,mia-pkg-ice,780,0,3.13,0,0.14,0.55,0.96,0.59,0,0.08,0.32,0.94
30,study12,gold ; CC ; MICE-std ; mia-pkg-ice ; mia-tmle,OLS,A,2000,1000,TRUE,50,20,,1A,10,5,3,2,0.4,exch,0.5,0.1,1,3,1,3.13,B ~ A * C,B1 ~ A1 * C1,0.6,mia-tmle,780,0,3.13,0,0.14,0.58,0.96,0.59,0,0.08,0.34,0.96
31,study12,gold ; CC ; MICE-std ; mia-pkg-ice ; mia-tmle ; IPW-nm,OLS,A,2000,1000,TRUE,50,20,,1B,1,0,0,0,0,exch,0.5,0.43,1,3,1,3.23,B ~ A * C,B1 ~ A1 * C1,0.54,gold,1000,0,3.23,0,0.09,0.34,0.94,0.54,0,0.05,0.19,0.94
31,study12,gold ; CC ; MICE-std ; mia-pkg-ice ; mia-tmle ; IPW-nm,OLS,A,2000,1000,TRUE,50,20,,1B,1,0,0,0,0,exch,0.5,0.43,1,3,1,3.23,B ~ A * C,B1 ~ A1 * C1,0.54,CC,1000,0,2.14,-1.09,1.1,0.48,0,1.86,1.33,1.33,0.37,0
31,study12,gold ; CC ; MICE-std ; mia-pkg-ice ; mia-tmle ; IPW-nm,OLS,A,2000,1000,TRUE,50,20,,1B,1,0,0,0,0,exch,0.5,0.43,1,3,1,3.23,B ~ A * C,B1 ~ A1 * C1,0.54,MICE-std,1000,0,3.03,-0.19,0.22,0.93,0.98,0.85,0.32,0.33,0.83,0.85
31,study12,gold ; CC ; MICE-std ; mia-pkg-ice ; mia-tmle ; IPW-nm,OLS,A,2000,1000,TRUE,50,20,,1B,1,0,0,0,0,exch,0.5,0.43,1,3,1,3.23,B ~ A * C,B1 ~ A1 * C1,0.54,IPW-nm,1000,0,2.97,-0.26,0.58,1.28,0.72,1.1,0.57,0.74,1.1,0.6
31,study12,gold ; CC ; MICE-std ; mia-pkg-ice ; mia-tmle ; IPW-nm,OLS,A,2000,1000,TRUE,50,20,,1B,1,0,0,0,0,exch,0.5,0.43,1,3,1,3.23,B ~ A * C,B1 ~ A1 * C1,0.54,mia-pkg-ice,1000,0,2.38,-0.84,0.87,0.79,0.03,1.6,1.06,1.08,0.64,0
31,study12,gold ; CC ; MICE-std ; mia-pkg-ice ; mia-tmle ; IPW-nm,OLS,A,2000,1000,TRUE,50,20,,1B,1,0,0,0,0,exch,0.5,0.43,1,3,1,3.23,B ~ A * C,B1 ~ A1 * C1,0.54,mia-tmle,1000,0,2.4,-0.83,0.86,0.78,0.04,1.6,1.06,1.08,0.64,0
32,study12,gold ; CC ; MICE-std ; mia-pkg-ice ; mia-tmle,OLS,A,2000,1000,TRUE,50,20,,1B,10,5,3,2,0.4,exch,0.5,0.1,1,3,1,3.12,B ~ A * C,B1 ~ A1 * C1,0.6,gold,890,0,3.12,0,0.09,0.35,0.96,0.6,0,0.05,0.18,0.95
32,study12,gold ; CC ; MICE-std ; mia-pkg-ice ; mia-tmle,OLS,A,2000,1000,TRUE,50,20,,1B,10,5,3,2,0.4,exch,0.5,0.1,1,3,1,3.12,B ~ A * C,B1 ~ A1 * C1,0.6,CC,890,0,2.79,-0.34,0.37,0.58,0.36,1.36,0.76,0.77,0.43,0
32,study12,gold ; CC ; MICE-std ; mia-pkg-ice ; mia-tmle,OLS,A,2000,1000,TRUE,50,20,,1B,10,5,3,2,0.4,exch,0.5,0.1,1,3,1,3.12,B ~ A * C,B1 ~ A1 * C1,0.6,MICE-std,890,0,2.99,-0.13,0.17,0.49,0.84,0.62,0.02,0.07,0.27,0.94
32,study12,gold ; CC ; MICE-std ; mia-pkg-ice ; mia-tmle,OLS,A,2000,1000,TRUE,50,20,,1B,10,5,3,2,0.4,exch,0.5,0.1,1,3,1,3.12,B ~ A * C,B1 ~ A1 * C1,0.6,mia-pkg-ice,890,0,2.91,-0.22,0.3,0.78,0.79,1.14,0.54,0.56,0.58,0.06
32,study12,gold ; CC ; MICE-std ; mia-pkg-ice ; mia-tmle,OLS,A,2000,1000,TRUE,50,20,,1B,10,5,3,2,0.4,exch,0.5,0.1,1,3,1,3.12,B ~ A * C,B1 ~ A1 * C1,0.6,mia-tmle,890,0,2.91,-0.22,0.3,0.81,0.8,1.14,0.54,0.56,0.6,0.08
33,study12,gold ; CC ; MICE-std ; mia-pkg-ice ; mia-tmle ; IPW-nm,OLS,A,2000,1000,TRUE,50,20,,1C,1,0,0,0,0,exch,0.5,0.43,1,3,1,2,B ~ A * C,B1 ~ A1 * C1,0,gold,1000,0,2,0,0.07,0.28,0.95,0,0,0.04,0.14,0.95
33,study12,gold ; CC ; MICE-std ; mia-pkg-ice ; mia-tmle ; IPW-nm,OLS,A,2000,1000,TRUE,50,20,,1C,1,0,0,0,0,exch,0.5,0.43,1,3,1,2,B ~ A * C,B1 ~ A1 * C1,0,CC,1000,0,2,0,0.11,0.45,0.94,0,0,0.08,0.32,0.95
33,study12,gold ; CC ; MICE-std ; mia-pkg-ice ; mia-tmle ; IPW-nm,OLS,A,2000,1000,TRUE,50,20,,1C,1,0,0,0,0,exch,0.5,0.43,1,3,1,2,B ~ A * C,B1 ~ A1 * C1,0,MICE-std,1000,0,2.03,0.02,0.1,0.79,1,-0.04,-0.04,0.08,0.69,1
33,study12,gold ; CC ; MICE-std ; mia-pkg-ice ; mia-tmle ; IPW-nm,OLS,A,2000,1000,TRUE,50,20,,1C,1,0,0,0,0,exch,0.5,0.43,1,3,1,2,B ~ A * C,B1 ~ A1 * C1,0,IPW-nm,1000,0,2.02,0.01,0.27,0.93,0.9,-0.03,-0.03,0.21,0.77,0.92
33,study12,gold ; CC ; MICE-std ; mia-pkg-ice ; mia-tmle ; IPW-nm,OLS,A,2000,1000,TRUE,50,20,,1C,1,0,0,0,0,exch,0.5,0.43,1,3,1,2,B ~ A * C,B1 ~ A1 * C1,0,mia-pkg-ice,1000,0,2,0,0.18,0.69,0.95,0,0,0.14,0.53,0.95
33,study12,gold ; CC ; MICE-std ; mia-pkg-ice ; mia-tmle ; IPW-nm,OLS,A,2000,1000,TRUE,50,20,,1C,1,0,0,0,0,exch,0.5,0.43,1,3,1,2,B ~ A * C,B1 ~ A1 * C1,0,mia-tmle,1000,0,2,0,0.18,0.7,0.94,0,0,0.14,0.54,0.94
34,study12,gold ; CC ; MICE-std ; mia-pkg-ice ; mia-tmle,OLS,A,2000,1000,TRUE,50,20,,1C,10,5,3,2,0.4,exch,0.5,0.1,1,3,1,1.99,B ~ A * C,B1 ~ A1 * C1,0,gold,40,0,1.99,0,0.07,0.28,0.92,0,0,0.03,0.15,0.9
34,study12,gold ; CC ; MICE-std ; mia-pkg-ice ; mia-tmle,OLS,A,2000,1000,TRUE,50,20,,1C,10,5,3,2,0.4,exch,0.5,0.1,1,3,1,1.99,B ~ A * C,B1 ~ A1 * C1,0,CC,40,0,2.02,0.03,0.12,0.48,0.98,-0.02,-0.02,0.08,0.35,0.98
34,study12,gold ; CC ; MICE-std ; mia-pkg-ice ; mia-tmle,OLS,A,2000,1000,TRUE,50,20,,1C,10,5,3,2,0.4,exch,0.5,0.1,1,3,1,1.99,B ~ A * C,B1 ~ A1 * C1,0,MICE-std,40,0,2.03,0.04,0.09,0.38,0.98,-0.01,-0.01,0.05,0.26,1
34,study12,gold ; CC ; MICE-std ; mia-pkg-ice ; mia-tmle,OLS,A,2000,1000,TRUE,50,20,,1C,10,5,3,2,0.4,exch,0.5,0.1,1,3,1,1.99,B ~ A * C,B1 ~ A1 * C1,0,mia-pkg-ice,40,0,1.99,0.01,0.18,0.7,0.92,0,0,0.13,0.54,0.95
34,study12,gold ; CC ; MICE-std ; mia-pkg-ice ; mia-tmle,OLS,A,2000,1000,TRUE,50,20,,1C,10,5,3,2,0.4,exch,0.5,0.1,1,3,1,1.99,B ~ A * C,B1 ~ A1 * C1,0,mia-tmle,40,0,1.98,0,0.18,0.71,0.92,0,0,0.14,0.54,0.92
