scen.name,study,model,coef_of_interest,N,boot_reps_mia_ice,calculate_tmle_CIs,dag_name,W_dim,W_n_cont,W_n_cont_complete,W_n_bin_complete,W_rho,W_cor_type,W_bin_prob,W_miss_rate,W_parent_coef,W_n_inter,W_inter_coef,beta,form_string,gold_form_string,mice_method,int,method,reps,PropNA,Bhat,BhatBias,BhatRMSE,BhatWidth,BhatCover,IntHat,IntBias,IntRMSE,IntWidth,IntCover
1,study3,OLS,A,200,1000,TRUE,5A,1,0,0,0,0,exch,0.5,0.43,1,3,1,2.01,B ~ A * C,B1 ~ A1 * C1,,1.51,gold,751,0,2.01,0,0.41,1.58,0.95,1.51,0,0.21,0.83,0.96
1,study3,OLS,A,200,1000,TRUE,5A,1,0,0,0,0,exch,0.5,0.43,1,3,1,2.01,B ~ A * C,B1 ~ A1 * C1,,1.51,MICE-std,750,0,2.15,0.14,0.57,2.38,0.97,1.51,0,0.26,1.11,0.97
1,study3,OLS,A,200,1000,TRUE,5A,1,0,0,0,0,exch,0.5,0.43,1,3,1,2.01,B ~ A * C,B1 ~ A1 * C1,,1.51,IPW-nm,751,0,2.31,0.3,1.24,3.36,0.76,1.78,0.28,0.59,2.22,0.88
1,study3,OLS,A,200,1000,TRUE,5A,1,0,0,0,0,exch,0.5,0.43,1,3,1,2.01,B ~ A * C,B1 ~ A1 * C1,,1.51,mia-pkg-ice,751,0,2.01,0,0.8,3.04,0.92,2.13,0.63,0.74,1.55,0.63
1,study3,OLS,A,200,1000,TRUE,5A,1,0,0,0,0,exch,0.5,0.43,1,3,1,2.01,B ~ A * C,B1 ~ A1 * C1,,1.51,mia-tmle,751,0.02,2.28,0.27,0.89,2.41,0.79,2.16,0.65,0.79,1.45,0.56
2,study3,OLS,A,200,1000,TRUE,5B,1,0,0,0,0,exch,0.5,0.43,1,3,1,1.99,B ~ A * C,B1 ~ A1 * C1,,1.5,gold,1000,0,1.99,0,0.41,1.6,0.95,1.5,0,0.21,0.83,0.95
2,study3,OLS,A,200,1000,TRUE,5B,1,0,0,0,0,exch,0.5,0.43,1,3,1,1.99,B ~ A * C,B1 ~ A1 * C1,,1.5,MICE-std,1000,0,2.21,0.22,0.58,2.42,0.96,1.61,0.11,0.28,1.13,0.94
2,study3,OLS,A,200,1000,TRUE,5B,1,0,0,0,0,exch,0.5,0.43,1,3,1,1.99,B ~ A * C,B1 ~ A1 * C1,,1.5,IPW-nm,1000,0,2.32,0.34,1.26,3.32,0.74,1.84,0.34,0.62,2.18,0.87
2,study3,OLS,A,200,1000,TRUE,5B,1,0,0,0,0,exch,0.5,0.43,1,3,1,1.99,B ~ A * C,B1 ~ A1 * C1,,1.5,mia-pkg-ice,1000,0,2.03,0.04,0.8,3.01,0.92,2.12,0.62,0.74,1.56,0.65
2,study3,OLS,A,200,1000,TRUE,5B,1,0,0,0,0,exch,0.5,0.43,1,3,1,1.99,B ~ A * C,B1 ~ A1 * C1,,1.5,mia-tmle,1000,0.01,2.27,0.29,0.91,2.42,0.77,2.15,0.65,0.79,1.45,0.59
3,study3,OLS,A,200,1000,TRUE,5C,1,0,0,0,0,exch,0.5,0.43,1,3,1,1.99,B ~ A * C,B1 ~ A1 * C1,,1.51,gold,1000,0,1.99,0,0.4,1.59,0.95,1.51,0,0.21,0.83,0.94
3,study3,OLS,A,200,1000,TRUE,5C,1,0,0,0,0,exch,0.5,0.43,1,3,1,1.99,B ~ A * C,B1 ~ A1 * C1,,1.51,MICE-std,1000,0,2.1,0.1,0.68,2.97,0.96,1.62,0.12,0.4,1.31,0.9
3,study3,OLS,A,200,1000,TRUE,5C,1,0,0,0,0,exch,0.5,0.43,1,3,1,1.99,B ~ A * C,B1 ~ A1 * C1,,1.51,IPW-nm,1000,0,2.27,0.28,1.21,3.32,0.76,1.8,0.29,0.63,2.14,0.86
3,study3,OLS,A,200,1000,TRUE,5C,1,0,0,0,0,exch,0.5,0.43,1,3,1,1.99,B ~ A * C,B1 ~ A1 * C1,,1.51,mia-pkg-ice,1000,0,2,0,0.79,3.02,0.92,2.15,0.64,0.76,1.55,0.62
3,study3,OLS,A,200,1000,TRUE,5C,1,0,0,0,0,exch,0.5,0.43,1,3,1,1.99,B ~ A * C,B1 ~ A1 * C1,,1.51,mia-tmle,1000,0.02,2.23,0.23,0.86,2.4,0.8,2.18,0.67,0.81,1.43,0.56
4,study3,OLS,A,200,1000,TRUE,5D,1,0,0,0,0,exch,0.5,0.43,1,3,1,2.01,B ~ A * C,B1 ~ A1 * C1,,1.5,gold,1000,0,2.01,0,0.4,1.59,0.95,1.5,0,0.21,0.83,0.95
4,study3,OLS,A,200,1000,TRUE,5D,1,0,0,0,0,exch,0.5,0.43,1,3,1,2.01,B ~ A * C,B1 ~ A1 * C1,,1.5,MICE-std,1000,0,2.11,0.1,0.63,2.81,0.97,1.72,0.21,0.41,1.28,0.87
4,study3,OLS,A,200,1000,TRUE,5D,1,0,0,0,0,exch,0.5,0.43,1,3,1,2.01,B ~ A * C,B1 ~ A1 * C1,,1.5,IPW-nm,1000,0,2.34,0.33,1.2,3.41,0.77,1.85,0.34,0.64,2.18,0.86
4,study3,OLS,A,200,1000,TRUE,5D,1,0,0,0,0,exch,0.5,0.43,1,3,1,2.01,B ~ A * C,B1 ~ A1 * C1,,1.5,mia-pkg-ice,1000,0,1.98,-0.03,0.77,3.08,0.94,2.14,0.63,0.74,1.56,0.64
4,study3,OLS,A,200,1000,TRUE,5D,1,0,0,0,0,exch,0.5,0.43,1,3,1,2.01,B ~ A * C,B1 ~ A1 * C1,,1.5,mia-tmle,1000,0.02,2.25,0.24,0.84,2.43,0.8,2.17,0.66,0.79,1.45,0.56
5,study3,OLS,A,200,1000,TRUE,6A,1,0,0,0,0,exch,0.5,0.43,1,3,1,2.02,B ~ A * C,B1 ~ A1 * C1,,2,gold,1000,0,2.02,0,0.4,1.53,0.94,2,0,0.21,0.8,0.95
5,study3,OLS,A,200,1000,TRUE,6A,1,0,0,0,0,exch,0.5,0.43,1,3,1,2.02,B ~ A * C,B1 ~ A1 * C1,,2,MICE-std,1000,0,2.07,0.06,0.45,1.87,0.96,2.01,0.01,0.26,0.97,0.94
5,study3,OLS,A,200,1000,TRUE,6A,1,0,0,0,0,exch,0.5,0.43,1,3,1,2.02,B ~ A * C,B1 ~ A1 * C1,,2,IPW-nm,1000,0,2.24,0.23,1,2.97,0.86,2.18,0.18,0.45,1.82,0.89
5,study3,OLS,A,200,1000,TRUE,6A,1,0,0,0,0,exch,0.5,0.43,1,3,1,2.02,B ~ A * C,B1 ~ A1 * C1,,2,mia-pkg-ice,1000,0,2.02,0.01,0.78,2.91,0.94,2.53,0.53,0.65,1.47,0.69
5,study3,OLS,A,200,1000,TRUE,6A,1,0,0,0,0,exch,0.5,0.43,1,3,1,2.02,B ~ A * C,B1 ~ A1 * C1,,2,mia-tmle,1000,0.02,2.19,0.17,0.82,1.94,0.76,2.53,0.53,0.65,1.22,0.57
6,study3,OLS,A,200,1000,TRUE,6B,1,0,0,0,0,exch,0.5,0.43,1,3,1,2.01,B ~ A * C,B1 ~ A1 * C1,,2,gold,1000,0,2.01,0,0.39,1.53,0.94,2,0,0.21,0.79,0.94
6,study3,OLS,A,200,1000,TRUE,6B,1,0,0,0,0,exch,0.5,0.43,1,3,1,2.01,B ~ A * C,B1 ~ A1 * C1,,2,MICE-std,1000,0,2.03,0.02,0.47,1.93,0.96,2.1,0.1,0.3,0.99,0.89
6,study3,OLS,A,200,1000,TRUE,6B,1,0,0,0,0,exch,0.5,0.43,1,3,1,2.01,B ~ A * C,B1 ~ A1 * C1,,2,IPW-nm,1000,0,2.23,0.23,0.97,2.93,0.84,2.21,0.21,0.48,1.76,0.85
6,study3,OLS,A,200,1000,TRUE,6B,1,0,0,0,0,exch,0.5,0.43,1,3,1,2.01,B ~ A * C,B1 ~ A1 * C1,,2,mia-pkg-ice,1000,0,2.01,0.01,0.78,2.9,0.92,2.52,0.53,0.66,1.45,0.68
6,study3,OLS,A,200,1000,TRUE,6B,1,0,0,0,0,exch,0.5,0.43,1,3,1,2.01,B ~ A * C,B1 ~ A1 * C1,,2,mia-tmle,1000,0.02,2.17,0.16,0.84,1.92,0.73,2.53,0.53,0.66,1.21,0.56
7,study3,OLS,A,200,1000,TRUE,6C,1,0,0,0,0,exch,0.5,0.43,1,3,1,2.03,B ~ A * C,B1 ~ A1 * C1,,1.99,gold,1000,0,2.03,0,0.4,1.52,0.94,1.99,0,0.2,0.79,0.95
7,study3,OLS,A,200,1000,TRUE,6C,1,0,0,0,0,exch,0.5,0.43,1,3,1,2.03,B ~ A * C,B1 ~ A1 * C1,,1.99,MICE-std,1000,0,1.78,-0.25,0.58,2.1,0.92,2.34,0.35,0.49,1,0.66
7,study3,OLS,A,200,1000,TRUE,6C,1,0,0,0,0,exch,0.5,0.43,1,3,1,2.03,B ~ A * C,B1 ~ A1 * C1,,1.99,IPW-nm,1000,0,2.23,0.2,0.99,3.01,0.86,2.15,0.16,0.49,1.81,0.86
7,study3,OLS,A,200,1000,TRUE,6C,1,0,0,0,0,exch,0.5,0.43,1,3,1,2.03,B ~ A * C,B1 ~ A1 * C1,,1.99,mia-pkg-ice,1000,0,2.05,0.01,0.75,2.89,0.92,2.5,0.51,0.65,1.47,0.67
7,study3,OLS,A,200,1000,TRUE,6C,1,0,0,0,0,exch,0.5,0.43,1,3,1,2.03,B ~ A * C,B1 ~ A1 * C1,,1.99,mia-tmle,1000,0.01,2.2,0.17,0.84,1.94,0.76,2.5,0.51,0.65,1.21,0.57
8,study3,OLS,A,200,1000,TRUE,6D,1,0,0,0,0,exch,0.5,0.43,1,3,1,2.01,B ~ A * C,B1 ~ A1 * C1,,2,gold,1000,0,2.01,0,0.4,1.52,0.94,2,0,0.2,0.79,0.95
8,study3,OLS,A,200,1000,TRUE,6D,1,0,0,0,0,exch,0.5,0.43,1,3,1,2.01,B ~ A * C,B1 ~ A1 * C1,,2,MICE-std,1000,0,1.88,-0.13,0.5,2.01,0.94,2.32,0.33,0.44,0.98,0.69
8,study3,OLS,A,200,1000,TRUE,6D,1,0,0,0,0,exch,0.5,0.43,1,3,1,2.01,B ~ A * C,B1 ~ A1 * C1,,2,IPW-nm,1000,0,2.21,0.2,0.98,2.95,0.85,2.19,0.19,0.47,1.78,0.86
8,study3,OLS,A,200,1000,TRUE,6D,1,0,0,0,0,exch,0.5,0.43,1,3,1,2.01,B ~ A * C,B1 ~ A1 * C1,,2,mia-pkg-ice,1000,0,2.05,0.04,0.78,2.88,0.9,2.5,0.51,0.63,1.49,0.7
8,study3,OLS,A,200,1000,TRUE,6D,1,0,0,0,0,exch,0.5,0.43,1,3,1,2.01,B ~ A * C,B1 ~ A1 * C1,,2,mia-tmle,1000,0.01,2.21,0.2,0.81,1.96,0.75,2.51,0.51,0.64,1.22,0.57
9,study3,OLS,A,500,1000,TRUE,5A,1,0,0,0,0,exch,0.5,0.43,1,3,1,1.99,B ~ A * C,B1 ~ A1 * C1,,1.5,gold,1000,0,1.99,0,0.26,1.01,0.95,1.5,0,0.13,0.52,0.95
9,study3,OLS,A,500,1000,TRUE,5A,1,0,0,0,0,exch,0.5,0.43,1,3,1,1.99,B ~ A * C,B1 ~ A1 * C1,,1.5,MICE-std,1000,0,2.09,0.1,0.37,1.57,0.96,1.47,-0.04,0.18,0.81,0.98
9,study3,OLS,A,500,1000,TRUE,5A,1,0,0,0,0,exch,0.5,0.43,1,3,1,1.99,B ~ A * C,B1 ~ A1 * C1,,1.5,IPW-nm,1000,0,2.11,0.12,0.79,2.7,0.87,1.63,0.13,0.34,1.51,0.96
9,study3,OLS,A,500,1000,TRUE,5A,1,0,0,0,0,exch,0.5,0.43,1,3,1,1.99,B ~ A * C,B1 ~ A1 * C1,,1.5,mia-pkg-ice,1000,0,2,0.01,0.48,1.85,0.92,2.13,0.63,0.68,0.96,0.34
9,study3,OLS,A,500,1000,TRUE,5A,1,0,0,0,0,exch,0.5,0.43,1,3,1,1.99,B ~ A * C,B1 ~ A1 * C1,,1.5,mia-tmle,1000,0,2.03,0.04,0.53,1.79,0.89,2.13,0.63,0.68,0.95,0.3
10,study3,OLS,A,500,1000,TRUE,5B,1,0,0,0,0,exch,0.5,0.43,1,3,1,2.01,B ~ A * C,B1 ~ A1 * C1,,1.5,gold,1000,0,2.01,0,0.26,1.01,0.95,1.5,0,0.14,0.52,0.94
10,study3,OLS,A,500,1000,TRUE,5B,1,0,0,0,0,exch,0.5,0.43,1,3,1,2.01,B ~ A * C,B1 ~ A1 * C1,,1.5,MICE-std,1000,0,2.15,0.14,0.38,1.61,0.97,1.58,0.08,0.2,0.83,0.96
10,study3,OLS,A,500,1000,TRUE,5B,1,0,0,0,0,exch,0.5,0.43,1,3,1,2.01,B ~ A * C,B1 ~ A1 * C1,,1.5,IPW-nm,1000,0,2.16,0.15,0.73,2.64,0.88,1.73,0.23,0.36,1.48,0.94
10,study3,OLS,A,500,1000,TRUE,5B,1,0,0,0,0,exch,0.5,0.43,1,3,1,2.01,B ~ A * C,B1 ~ A1 * C1,,1.5,mia-pkg-ice,1000,0,2.01,0,0.46,1.86,0.95,2.13,0.63,0.68,0.96,0.33
10,study3,OLS,A,500,1000,TRUE,5B,1,0,0,0,0,exch,0.5,0.43,1,3,1,2.01,B ~ A * C,B1 ~ A1 * C1,,1.5,mia-tmle,1000,0,2.05,0.04,0.51,1.78,0.9,2.13,0.63,0.68,0.96,0.3
11,study3,OLS,A,500,1000,TRUE,5C,1,0,0,0,0,exch,0.5,0.43,1,3,1,2,B ~ A * C,B1 ~ A1 * C1,,1.5,gold,1000,0,2,0,0.26,1.01,0.94,1.5,0,0.14,0.52,0.93
11,study3,OLS,A,500,1000,TRUE,5C,1,0,0,0,0,exch,0.5,0.43,1,3,1,2,B ~ A * C,B1 ~ A1 * C1,,1.5,MICE-std,1000,0,2.11,0.12,0.46,2.05,0.97,1.5,0,0.23,1.02,0.97
11,study3,OLS,A,500,1000,TRUE,5C,1,0,0,0,0,exch,0.5,0.43,1,3,1,2,B ~ A * C,B1 ~ A1 * C1,,1.5,IPW-nm,1000,0,2.13,0.14,0.79,2.68,0.86,1.63,0.13,0.34,1.52,0.96
11,study3,OLS,A,500,1000,TRUE,5C,1,0,0,0,0,exch,0.5,0.43,1,3,1,2,B ~ A * C,B1 ~ A1 * C1,,1.5,mia-pkg-ice,1000,0,1.98,-0.01,0.48,1.85,0.94,2.15,0.65,0.69,0.96,0.31
11,study3,OLS,A,500,1000,TRUE,5C,1,0,0,0,0,exch,0.5,0.43,1,3,1,2,B ~ A * C,B1 ~ A1 * C1,,1.5,mia-tmle,1000,0,2.03,0.04,0.53,1.77,0.87,2.15,0.65,0.69,0.96,0.28
12,study3,OLS,A,500,1000,TRUE,5D,1,0,0,0,0,exch,0.5,0.43,1,3,1,2.01,B ~ A * C,B1 ~ A1 * C1,,1.5,gold,1000,0,2.01,0,0.26,1.01,0.95,1.5,0,0.14,0.52,0.94
12,study3,OLS,A,500,1000,TRUE,5D,1,0,0,0,0,exch,0.5,0.43,1,3,1,2.01,B ~ A * C,B1 ~ A1 * C1,,1.5,MICE-std,1000,0,2.09,0.08,0.41,1.9,0.97,1.62,0.12,0.24,1,0.96
12,study3,OLS,A,500,1000,TRUE,5D,1,0,0,0,0,exch,0.5,0.43,1,3,1,2.01,B ~ A * C,B1 ~ A1 * C1,,1.5,IPW-nm,1000,0,2.13,0.13,0.75,2.66,0.88,1.72,0.22,0.38,1.49,0.94
12,study3,OLS,A,500,1000,TRUE,5D,1,0,0,0,0,exch,0.5,0.43,1,3,1,2.01,B ~ A * C,B1 ~ A1 * C1,,1.5,mia-pkg-ice,1000,0,1.97,-0.03,0.47,1.86,0.94,2.14,0.64,0.68,0.96,0.31
12,study3,OLS,A,500,1000,TRUE,5D,1,0,0,0,0,exch,0.5,0.43,1,3,1,2.01,B ~ A * C,B1 ~ A1 * C1,,1.5,mia-tmle,1000,0,2.01,0.01,0.52,1.78,0.89,2.14,0.64,0.69,0.95,0.27
13,study3,OLS,A,500,1000,TRUE,6A,1,0,0,0,0,exch,0.5,0.43,1,3,1,2,B ~ A * C,B1 ~ A1 * C1,,2,gold,1000,0,2,0,0.25,0.97,0.95,2,0,0.13,0.5,0.94
13,study3,OLS,A,500,1000,TRUE,6A,1,0,0,0,0,exch,0.5,0.43,1,3,1,2,B ~ A * C,B1 ~ A1 * C1,,2,MICE-std,1000,0,2.03,0.03,0.29,1.22,0.96,2,0,0.16,0.68,0.96
13,study3,OLS,A,500,1000,TRUE,6A,1,0,0,0,0,exch,0.5,0.43,1,3,1,2,B ~ A * C,B1 ~ A1 * C1,,2,IPW-nm,1000,0,2.13,0.13,0.63,2.26,0.91,2.11,0.11,0.3,1.31,0.93
13,study3,OLS,A,500,1000,TRUE,6A,1,0,0,0,0,exch,0.5,0.43,1,3,1,2,B ~ A * C,B1 ~ A1 * C1,,2,mia-pkg-ice,1000,0,2.02,0.01,0.46,1.77,0.93,2.53,0.53,0.58,0.91,0.43
13,study3,OLS,A,500,1000,TRUE,6A,1,0,0,0,0,exch,0.5,0.43,1,3,1,2,B ~ A * C,B1 ~ A1 * C1,,2,mia-tmle,1000,0,2.02,0.01,0.46,1.54,0.89,2.53,0.53,0.58,0.91,0.39
14,study3,OLS,A,500,1000,TRUE,6B,1,0,0,0,0,exch,0.5,0.43,1,3,1,2.01,B ~ A * C,B1 ~ A1 * C1,,1.99,gold,1000,0,2.01,0,0.25,0.97,0.95,1.99,0,0.12,0.5,0.95
14,study3,OLS,A,500,1000,TRUE,6B,1,0,0,0,0,exch,0.5,0.43,1,3,1,2.01,B ~ A * C,B1 ~ A1 * C1,,1.99,MICE-std,1000,0,2.02,0.01,0.3,1.25,0.96,2.05,0.06,0.18,0.71,0.95
14,study3,OLS,A,500,1000,TRUE,6B,1,0,0,0,0,exch,0.5,0.43,1,3,1,2.01,B ~ A * C,B1 ~ A1 * C1,,1.99,IPW-nm,1000,0,2.06,0.05,0.6,2.23,0.91,2.16,0.16,0.32,1.24,0.9
14,study3,OLS,A,500,1000,TRUE,6B,1,0,0,0,0,exch,0.5,0.43,1,3,1,2.01,B ~ A * C,B1 ~ A1 * C1,,1.99,mia-pkg-ice,1000,0,1.98,-0.03,0.47,1.82,0.94,2.54,0.55,0.59,0.9,0.4
14,study3,OLS,A,500,1000,TRUE,6B,1,0,0,0,0,exch,0.5,0.43,1,3,1,2.01,B ~ A * C,B1 ~ A1 * C1,,1.99,mia-tmle,1000,0,1.98,-0.03,0.48,1.55,0.89,2.54,0.55,0.59,0.9,0.36
15,study3,OLS,A,500,1000,TRUE,6C,1,0,0,0,0,exch,0.5,0.43,1,3,1,2,B ~ A * C,B1 ~ A1 * C1,,2,gold,1000,0,2,0,0.26,0.97,0.94,2,0,0.13,0.5,0.93
15,study3,OLS,A,500,1000,TRUE,6C,1,0,0,0,0,exch,0.5,0.43,1,3,1,2,B ~ A * C,B1 ~ A1 * C1,,2,MICE-std,1000,0,1.81,-0.19,0.43,1.36,0.87,2.19,0.19,0.33,0.73,0.72
15,study3,OLS,A,500,1000,TRUE,6C,1,0,0,0,0,exch,0.5,0.43,1,3,1,2,B ~ A * C,B1 ~ A1 * C1,,2,IPW-nm,1000,0,2.09,0.09,0.67,2.37,0.89,2.07,0.07,0.32,1.34,0.92
15,study3,OLS,A,500,1000,TRUE,6C,1,0,0,0,0,exch,0.5,0.43,1,3,1,2,B ~ A * C,B1 ~ A1 * C1,,2,mia-pkg-ice,1000,0,2,-0.01,0.47,1.79,0.93,2.53,0.53,0.58,0.9,0.4
15,study3,OLS,A,500,1000,TRUE,6C,1,0,0,0,0,exch,0.5,0.43,1,3,1,2,B ~ A * C,B1 ~ A1 * C1,,2,mia-tmle,1000,0,2,0,0.48,1.54,0.89,2.53,0.53,0.58,0.89,0.37
16,study3,OLS,A,500,1000,TRUE,6D,1,0,0,0,0,exch,0.5,0.43,1,3,1,2,B ~ A * C,B1 ~ A1 * C1,,2,gold,1000,0,2,0,0.25,0.97,0.94,2,0,0.13,0.5,0.94
16,study3,OLS,A,500,1000,TRUE,6D,1,0,0,0,0,exch,0.5,0.43,1,3,1,2,B ~ A * C,B1 ~ A1 * C1,,2,MICE-std,1000,0,1.93,-0.07,0.35,1.31,0.94,2.18,0.18,0.28,0.73,0.8
16,study3,OLS,A,500,1000,TRUE,6D,1,0,0,0,0,exch,0.5,0.43,1,3,1,2,B ~ A * C,B1 ~ A1 * C1,,2,IPW-nm,1000,0,2.07,0.06,0.6,2.22,0.9,2.17,0.17,0.31,1.24,0.9
16,study3,OLS,A,500,1000,TRUE,6D,1,0,0,0,0,exch,0.5,0.43,1,3,1,2,B ~ A * C,B1 ~ A1 * C1,,2,mia-pkg-ice,1000,0,1.99,-0.01,0.45,1.79,0.95,2.53,0.53,0.58,0.91,0.43
16,study3,OLS,A,500,1000,TRUE,6D,1,0,0,0,0,exch,0.5,0.43,1,3,1,2,B ~ A * C,B1 ~ A1 * C1,,2,mia-tmle,1000,0,1.99,-0.01,0.45,1.55,0.9,2.53,0.53,0.58,0.91,0.38
17,study3,OLS,A,1000,1000,TRUE,5A,1,0,0,0,0,exch,0.5,0.43,1,3,1,1.99,B ~ A * C,B1 ~ A1 * C1,,1.5,gold,1000,0,1.99,0,0.18,0.71,0.95,1.5,0,0.1,0.37,0.94
17,study3,OLS,A,1000,1000,TRUE,5A,1,0,0,0,0,exch,0.5,0.43,1,3,1,1.99,B ~ A * C,B1 ~ A1 * C1,,1.5,MICE-std,1000,0,2.07,0.07,0.26,1.23,0.98,1.47,-0.04,0.13,0.68,0.99
17,study3,OLS,A,1000,1000,TRUE,5A,1,0,0,0,0,exch,0.5,0.43,1,3,1,1.99,B ~ A * C,B1 ~ A1 * C1,,1.5,IPW-nm,1000,0,2.02,0.03,0.48,2.05,0.94,1.58,0.07,0.21,1.07,0.98
17,study3,OLS,A,1000,1000,TRUE,5A,1,0,0,0,0,exch,0.5,0.43,1,3,1,1.99,B ~ A * C,B1 ~ A1 * C1,,1.5,mia-pkg-ice,1000,0,2,0,0.33,1.31,0.94,2.13,0.63,0.65,0.67,0.08
17,study3,OLS,A,1000,1000,TRUE,5A,1,0,0,0,0,exch,0.5,0.43,1,3,1,1.99,B ~ A * C,B1 ~ A1 * C1,,1.5,mia-tmle,1000,0,1.99,0,0.33,1.31,0.94,2.13,0.63,0.65,0.67,0.07
18,study3,OLS,A,1000,1000,TRUE,5B,1,0,0,0,0,exch,0.5,0.43,1,3,1,2.01,B ~ A * C,B1 ~ A1 * C1,,1.5,gold,1000,0,2.01,0,0.18,0.71,0.94,1.5,0,0.1,0.37,0.94
18,study3,OLS,A,1000,1000,TRUE,5B,1,0,0,0,0,exch,0.5,0.43,1,3,1,2.01,B ~ A * C,B1 ~ A1 * C1,,1.5,MICE-std,1000,0,2.11,0.1,0.28,1.27,0.98,1.57,0.07,0.14,0.71,0.98
18,study3,OLS,A,1000,1000,TRUE,5B,1,0,0,0,0,exch,0.5,0.43,1,3,1,2.01,B ~ A * C,B1 ~ A1 * C1,,1.5,IPW-nm,1000,0,2.04,0.03,0.48,1.97,0.94,1.69,0.19,0.27,1.03,0.95
18,study3,OLS,A,1000,1000,TRUE,5B,1,0,0,0,0,exch,0.5,0.43,1,3,1,2.01,B ~ A * C,B1 ~ A1 * C1,,1.5,mia-pkg-ice,1000,0,1.99,-0.02,0.33,1.31,0.94,2.14,0.64,0.66,0.67,0.06
18,study3,OLS,A,1000,1000,TRUE,5B,1,0,0,0,0,exch,0.5,0.43,1,3,1,2.01,B ~ A * C,B1 ~ A1 * C1,,1.5,mia-tmle,1000,0,1.99,-0.02,0.34,1.31,0.94,2.14,0.64,0.66,0.67,0.06
19,study3,OLS,A,1000,1000,TRUE,5C,1,0,0,0,0,exch,0.5,0.43,1,3,1,1.99,B ~ A * C,B1 ~ A1 * C1,,1.5,gold,1000,0,1.99,0,0.18,0.71,0.95,1.5,0,0.1,0.37,0.94
19,study3,OLS,A,1000,1000,TRUE,5C,1,0,0,0,0,exch,0.5,0.43,1,3,1,1.99,B ~ A * C,B1 ~ A1 * C1,,1.5,MICE-std,1000,0,2.05,0.06,0.32,1.68,0.98,1.46,-0.04,0.17,0.93,0.99
19,study3,OLS,A,1000,1000,TRUE,5C,1,0,0,0,0,exch,0.5,0.43,1,3,1,1.99,B ~ A * C,B1 ~ A1 * C1,,1.5,IPW-nm,1000,0,2.03,0.04,0.49,2.04,0.95,1.56,0.06,0.21,1.06,0.99
19,study3,OLS,A,1000,1000,TRUE,5C,1,0,0,0,0,exch,0.5,0.43,1,3,1,1.99,B ~ A * C,B1 ~ A1 * C1,,1.5,mia-pkg-ice,1000,0,2,0.01,0.32,1.31,0.95,2.12,0.62,0.65,0.67,0.09
19,study3,OLS,A,1000,1000,TRUE,5C,1,0,0,0,0,exch,0.5,0.43,1,3,1,1.99,B ~ A * C,B1 ~ A1 * C1,,1.5,mia-tmle,1000,0,2,0.01,0.32,1.31,0.95,2.12,0.62,0.65,0.67,0.07
20,study3,OLS,A,1000,1000,TRUE,5D,1,0,0,0,0,exch,0.5,0.43,1,3,1,2,B ~ A * C,B1 ~ A1 * C1,,1.5,gold,1000,0,2,0,0.18,0.71,0.95,1.5,0,0.09,0.37,0.95
20,study3,OLS,A,1000,1000,TRUE,5D,1,0,0,0,0,exch,0.5,0.43,1,3,1,2,B ~ A * C,B1 ~ A1 * C1,,1.5,MICE-std,1000,0,2.05,0.05,0.3,1.55,0.99,1.6,0.1,0.18,0.89,0.99
20,study3,OLS,A,1000,1000,TRUE,5D,1,0,0,0,0,exch,0.5,0.43,1,3,1,2,B ~ A * C,B1 ~ A1 * C1,,1.5,IPW-nm,1000,0,2.1,0.1,0.48,2,0.96,1.66,0.16,0.25,1.06,0.96
20,study3,OLS,A,1000,1000,TRUE,5D,1,0,0,0,0,exch,0.5,0.43,1,3,1,2,B ~ A * C,B1 ~ A1 * C1,,1.5,mia-pkg-ice,1000,0,1.99,-0.01,0.32,1.31,0.96,2.13,0.63,0.65,0.67,0.06
20,study3,OLS,A,1000,1000,TRUE,5D,1,0,0,0,0,exch,0.5,0.43,1,3,1,2,B ~ A * C,B1 ~ A1 * C1,,1.5,mia-tmle,1000,0,2,-0.01,0.33,1.31,0.95,2.13,0.63,0.65,0.67,0.05
21,study3,OLS,A,1000,1000,TRUE,6A,1,0,0,0,0,exch,0.5,0.43,1,3,1,2,B ~ A * C,B1 ~ A1 * C1,,2,gold,1000,0,2,0,0.18,0.69,0.94,2,0,0.09,0.36,0.95
21,study3,OLS,A,1000,1000,TRUE,6A,1,0,0,0,0,exch,0.5,0.43,1,3,1,2,B ~ A * C,B1 ~ A1 * C1,,2,MICE-std,1000,0,2.02,0.02,0.2,0.94,0.97,2,0,0.11,0.56,0.98
21,study3,OLS,A,1000,1000,TRUE,6A,1,0,0,0,0,exch,0.5,0.43,1,3,1,2,B ~ A * C,B1 ~ A1 * C1,,2,IPW-nm,1000,0,2.07,0.07,0.44,1.77,0.94,2.07,0.07,0.2,0.96,0.96
21,study3,OLS,A,1000,1000,TRUE,6A,1,0,0,0,0,exch,0.5,0.43,1,3,1,2,B ~ A * C,B1 ~ A1 * C1,,2,mia-pkg-ice,1000,0,2.01,0.01,0.31,1.22,0.94,2.54,0.53,0.56,0.63,0.12
21,study3,OLS,A,1000,1000,TRUE,6A,1,0,0,0,0,exch,0.5,0.43,1,3,1,2,B ~ A * C,B1 ~ A1 * C1,,2,mia-tmle,1000,0,2.01,0.01,0.31,1.2,0.94,2.54,0.53,0.56,0.63,0.11
22,study3,OLS,A,1000,1000,TRUE,6B,1,0,0,0,0,exch,0.5,0.43,1,3,1,2,B ~ A * C,B1 ~ A1 * C1,,2,gold,1000,0,2,0,0.17,0.68,0.96,2,0,0.09,0.36,0.94
22,study3,OLS,A,1000,1000,TRUE,6B,1,0,0,0,0,exch,0.5,0.43,1,3,1,2,B ~ A * C,B1 ~ A1 * C1,,2,MICE-std,1000,0,2,0,0.22,0.99,0.97,2.05,0.05,0.13,0.61,0.97
22,study3,OLS,A,1000,1000,TRUE,6B,1,0,0,0,0,exch,0.5,0.43,1,3,1,2,B ~ A * C,B1 ~ A1 * C1,,2,IPW-nm,1000,0,2.06,0.06,0.43,1.69,0.93,2.11,0.11,0.22,0.91,0.94
22,study3,OLS,A,1000,1000,TRUE,6B,1,0,0,0,0,exch,0.5,0.43,1,3,1,2,B ~ A * C,B1 ~ A1 * C1,,2,mia-pkg-ice,1000,0,2.01,0.01,0.32,1.24,0.93,2.53,0.53,0.56,0.63,0.11
22,study3,OLS,A,1000,1000,TRUE,6B,1,0,0,0,0,exch,0.5,0.43,1,3,1,2,B ~ A * C,B1 ~ A1 * C1,,2,mia-tmle,1000,0,2.01,0.01,0.32,1.2,0.93,2.53,0.53,0.56,0.64,0.11
23,study3,OLS,A,1000,1000,TRUE,6C,1,0,0,0,0,exch,0.5,0.43,1,3,1,2.01,B ~ A * C,B1 ~ A1 * C1,,2,gold,1000,0,2.01,0,0.17,0.68,0.96,2,0,0.09,0.35,0.96
23,study3,OLS,A,1000,1000,TRUE,6C,1,0,0,0,0,exch,0.5,0.43,1,3,1,2.01,B ~ A * C,B1 ~ A1 * C1,,2,MICE-std,1000,0,1.92,-0.08,0.31,1.05,0.91,2.05,0.05,0.2,0.65,0.88
23,study3,OLS,A,1000,1000,TRUE,6C,1,0,0,0,0,exch,0.5,0.43,1,3,1,2.01,B ~ A * C,B1 ~ A1 * C1,,2,IPW-nm,1000,0,2.06,0.05,0.47,1.83,0.92,2.02,0.02,0.21,1,0.96
23,study3,OLS,A,1000,1000,TRUE,6C,1,0,0,0,0,exch,0.5,0.43,1,3,1,2.01,B ~ A * C,B1 ~ A1 * C1,,2,mia-pkg-ice,1000,0,2,-0.01,0.31,1.24,0.95,2.53,0.53,0.56,0.63,0.11
23,study3,OLS,A,1000,1000,TRUE,6C,1,0,0,0,0,exch,0.5,0.43,1,3,1,2.01,B ~ A * C,B1 ~ A1 * C1,,2,mia-tmle,1000,0,2,-0.01,0.31,1.2,0.93,2.53,0.53,0.56,0.64,0.11
24,study3,OLS,A,1000,1000,TRUE,6D,1,0,0,0,0,exch,0.5,0.43,1,3,1,2,B ~ A * C,B1 ~ A1 * C1,,2,gold,1000,0,2,0,0.17,0.68,0.95,2,0,0.09,0.36,0.95
24,study3,OLS,A,1000,1000,TRUE,6D,1,0,0,0,0,exch,0.5,0.43,1,3,1,2,B ~ A * C,B1 ~ A1 * C1,,2,MICE-std,1000,0,1.94,-0.05,0.26,1.05,0.94,2.14,0.14,0.21,0.65,0.88
24,study3,OLS,A,1000,1000,TRUE,6D,1,0,0,0,0,exch,0.5,0.43,1,3,1,2,B ~ A * C,B1 ~ A1 * C1,,2,IPW-nm,1000,0,2.03,0.03,0.41,1.66,0.94,2.15,0.15,0.24,0.88,0.91
24,study3,OLS,A,1000,1000,TRUE,6D,1,0,0,0,0,exch,0.5,0.43,1,3,1,2,B ~ A * C,B1 ~ A1 * C1,,2,mia-pkg-ice,1000,0,2,0,0.31,1.24,0.95,2.54,0.54,0.56,0.63,0.11
24,study3,OLS,A,1000,1000,TRUE,6D,1,0,0,0,0,exch,0.5,0.43,1,3,1,2,B ~ A * C,B1 ~ A1 * C1,,2,mia-tmle,1000,0,2,0,0.31,1.2,0.94,2.54,0.54,0.56,0.64,0.11
25,study3,OLS,A,5000,1000,TRUE,5A,1,0,0,0,0,exch,0.5,0.43,1,3,1,2,B ~ A * C,B1 ~ A1 * C1,,1.5,gold,1000,0,2,0,0.08,0.32,0.94,1.5,0,0.04,0.17,0.95
25,study3,OLS,A,5000,1000,TRUE,5A,1,0,0,0,0,exch,0.5,0.43,1,3,1,2,B ~ A * C,B1 ~ A1 * C1,,1.5,MICE-std,1000,0,2.03,0.04,0.13,0.88,1,1.48,-0.02,0.06,0.56,1
25,study3,OLS,A,5000,1000,TRUE,5A,1,0,0,0,0,exch,0.5,0.43,1,3,1,2,B ~ A * C,B1 ~ A1 * C1,,1.5,IPW-nm,1000,0,1.98,-0.01,0.21,0.91,0.97,1.52,0.02,0.09,0.47,1
25,study3,OLS,A,5000,1000,TRUE,5A,1,0,0,0,0,exch,0.5,0.43,1,3,1,2,B ~ A * C,B1 ~ A1 * C1,,1.5,mia-pkg-ice,1000,0,1.99,0,0.15,0.57,0.95,2.13,0.63,0.64,0.3,0
25,study3,OLS,A,5000,1000,TRUE,5A,1,0,0,0,0,exch,0.5,0.43,1,3,1,2,B ~ A * C,B1 ~ A1 * C1,,1.5,mia-tmle,1000,0,1.99,0,0.15,0.57,0.95,2.13,0.63,0.64,0.3,0
26,study3,OLS,A,5000,1000,TRUE,5B,1,0,0,0,0,exch,0.5,0.43,1,3,1,2,B ~ A * C,B1 ~ A1 * C1,,1.5,gold,1000,0,2,0,0.08,0.32,0.95,1.5,0,0.04,0.17,0.95
26,study3,OLS,A,5000,1000,TRUE,5B,1,0,0,0,0,exch,0.5,0.43,1,3,1,2,B ~ A * C,B1 ~ A1 * C1,,1.5,MICE-std,1000,0,2.06,0.06,0.14,0.92,1,1.59,0.09,0.1,0.58,1
26,study3,OLS,A,5000,1000,TRUE,5B,1,0,0,0,0,exch,0.5,0.43,1,3,1,2,B ~ A * C,B1 ~ A1 * C1,,1.5,IPW-nm,1000,0,2.03,0.03,0.21,0.88,0.97,1.63,0.13,0.15,0.46,0.88
26,study3,OLS,A,5000,1000,TRUE,5B,1,0,0,0,0,exch,0.5,0.43,1,3,1,2,B ~ A * C,B1 ~ A1 * C1,,1.5,mia-pkg-ice,1000,0,1.99,-0.01,0.14,0.58,0.95,2.14,0.63,0.64,0.3,0
26,study3,OLS,A,5000,1000,TRUE,5B,1,0,0,0,0,exch,0.5,0.43,1,3,1,2,B ~ A * C,B1 ~ A1 * C1,,1.5,mia-tmle,1000,0,1.99,-0.01,0.14,0.57,0.95,2.14,0.63,0.64,0.3,0
27,study3,OLS,A,5000,1000,TRUE,5C,1,0,0,0,0,exch,0.5,0.43,1,3,1,2,B ~ A * C,B1 ~ A1 * C1,,1.5,gold,1000,0,2,0,0.08,0.32,0.95,1.5,0,0.04,0.17,0.94
27,study3,OLS,A,5000,1000,TRUE,5C,1,0,0,0,0,exch,0.5,0.43,1,3,1,2,B ~ A * C,B1 ~ A1 * C1,,1.5,MICE-std,1000,0,2,0,0.15,1.37,1,1.47,-0.03,0.08,0.86,1
27,study3,OLS,A,5000,1000,TRUE,5C,1,0,0,0,0,exch,0.5,0.43,1,3,1,2,B ~ A * C,B1 ~ A1 * C1,,1.5,IPW-nm,1000,0,2,0,0.21,0.92,0.97,1.51,0.01,0.09,0.48,0.99
27,study3,OLS,A,5000,1000,TRUE,5C,1,0,0,0,0,exch,0.5,0.43,1,3,1,2,B ~ A * C,B1 ~ A1 * C1,,1.5,mia-pkg-ice,1000,0,2,0,0.15,0.58,0.95,2.13,0.63,0.63,0.3,0
27,study3,OLS,A,5000,1000,TRUE,5C,1,0,0,0,0,exch,0.5,0.43,1,3,1,2,B ~ A * C,B1 ~ A1 * C1,,1.5,mia-tmle,1000,0,2,0,0.15,0.58,0.95,2.13,0.63,0.63,0.3,0
28,study3,OLS,A,5000,1000,TRUE,5D,1,0,0,0,0,exch,0.5,0.43,1,3,1,2,B ~ A * C,B1 ~ A1 * C1,,1.5,gold,1000,0,2,0,0.08,0.32,0.95,1.5,0,0.04,0.17,0.96
28,study3,OLS,A,5000,1000,TRUE,5D,1,0,0,0,0,exch,0.5,0.43,1,3,1,2,B ~ A * C,B1 ~ A1 * C1,,1.5,MICE-std,1000,0,2,0,0.14,1.23,1,1.62,0.12,0.14,0.81,1
28,study3,OLS,A,5000,1000,TRUE,5D,1,0,0,0,0,exch,0.5,0.43,1,3,1,2,B ~ A * C,B1 ~ A1 * C1,,1.5,IPW-nm,1000,0,2.08,0.08,0.21,0.89,0.96,1.62,0.12,0.14,0.47,0.91
28,study3,OLS,A,5000,1000,TRUE,5D,1,0,0,0,0,exch,0.5,0.43,1,3,1,2,B ~ A * C,B1 ~ A1 * C1,,1.5,mia-pkg-ice,1000,0,2,0,0.15,0.57,0.95,2.13,0.63,0.64,0.3,0
28,study3,OLS,A,5000,1000,TRUE,5D,1,0,0,0,0,exch,0.5,0.43,1,3,1,2,B ~ A * C,B1 ~ A1 * C1,,1.5,mia-tmle,1000,0,2,0,0.15,0.57,0.95,2.13,0.63,0.64,0.3,0
29,study3,OLS,A,5000,1000,TRUE,6A,1,0,0,0,0,exch,0.5,0.43,1,3,1,2,B ~ A * C,B1 ~ A1 * C1,,2,gold,1000,0,2,0,0.08,0.31,0.96,2,0,0.04,0.16,0.96
29,study3,OLS,A,5000,1000,TRUE,6A,1,0,0,0,0,exch,0.5,0.43,1,3,1,2,B ~ A * C,B1 ~ A1 * C1,,2,MICE-std,1000,0,1.99,-0.01,0.1,0.69,1,2,0,0.05,0.46,1
29,study3,OLS,A,5000,1000,TRUE,6A,1,0,0,0,0,exch,0.5,0.43,1,3,1,2,B ~ A * C,B1 ~ A1 * C1,,2,IPW-nm,1000,0,2.01,0.01,0.19,0.85,0.97,2.01,0.01,0.08,0.44,1
29,study3,OLS,A,5000,1000,TRUE,6A,1,0,0,0,0,exch,0.5,0.43,1,3,1,2,B ~ A * C,B1 ~ A1 * C1,,2,mia-pkg-ice,1000,0,2,0,0.14,0.54,0.95,2.53,0.53,0.54,0.28,0
29,study3,OLS,A,5000,1000,TRUE,6A,1,0,0,0,0,exch,0.5,0.43,1,3,1,2,B ~ A * C,B1 ~ A1 * C1,,2,mia-tmle,1000,0,2,0,0.14,0.54,0.95,2.53,0.53,0.54,0.28,0
30,study3,OLS,A,5000,1000,TRUE,6B,1,0,0,0,0,exch,0.5,0.43,1,3,1,2,B ~ A * C,B1 ~ A1 * C1,,2,gold,1000,0,2,0,0.08,0.31,0.95,2,0,0.04,0.16,0.97
30,study3,OLS,A,5000,1000,TRUE,6B,1,0,0,0,0,exch,0.5,0.43,1,3,1,2,B ~ A * C,B1 ~ A1 * C1,,2,MICE-std,1000,0,1.97,-0.03,0.11,0.78,1,2.06,0.06,0.08,0.52,1
30,study3,OLS,A,5000,1000,TRUE,6B,1,0,0,0,0,exch,0.5,0.43,1,3,1,2,B ~ A * C,B1 ~ A1 * C1,,2,IPW-nm,1000,0,2.02,0.02,0.18,0.79,0.96,2.06,0.06,0.1,0.41,0.97
30,study3,OLS,A,5000,1000,TRUE,6B,1,0,0,0,0,exch,0.5,0.43,1,3,1,2,B ~ A * C,B1 ~ A1 * C1,,2,mia-pkg-ice,1000,0,2,0,0.13,0.54,0.96,2.53,0.53,0.54,0.28,0
30,study3,OLS,A,5000,1000,TRUE,6B,1,0,0,0,0,exch,0.5,0.43,1,3,1,2,B ~ A * C,B1 ~ A1 * C1,,2,mia-tmle,1000,0,2,0,0.13,0.54,0.95,2.53,0.53,0.54,0.28,0
31,study3,OLS,A,5000,1000,TRUE,6C,1,0,0,0,0,exch,0.5,0.43,1,3,1,2,B ~ A * C,B1 ~ A1 * C1,,2,gold,1000,0,2,0,0.08,0.31,0.96,2,0,0.04,0.16,0.95
31,study3,OLS,A,5000,1000,TRUE,6C,1,0,0,0,0,exch,0.5,0.43,1,3,1,2,B ~ A * C,B1 ~ A1 * C1,,2,MICE-std,1000,0,1.87,-0.13,0.22,0.9,0.95,2.04,0.04,0.1,0.63,1
31,study3,OLS,A,5000,1000,TRUE,6C,1,0,0,0,0,exch,0.5,0.43,1,3,1,2,B ~ A * C,B1 ~ A1 * C1,,2,IPW-nm,1000,0,2.01,0.01,0.2,0.88,0.97,1.98,-0.02,0.09,0.46,0.99
31,study3,OLS,A,5000,1000,TRUE,6C,1,0,0,0,0,exch,0.5,0.43,1,3,1,2,B ~ A * C,B1 ~ A1 * C1,,2,mia-pkg-ice,1000,0,2,0,0.14,0.54,0.95,2.54,0.54,0.54,0.28,0
31,study3,OLS,A,5000,1000,TRUE,6C,1,0,0,0,0,exch,0.5,0.43,1,3,1,2,B ~ A * C,B1 ~ A1 * C1,,2,mia-tmle,1000,0,2,0,0.14,0.54,0.95,2.54,0.54,0.54,0.28,0
32,study3,OLS,A,5000,1000,TRUE,6D,1,0,0,0,0,exch,0.5,0.43,1,3,1,2,B ~ A * C,B1 ~ A1 * C1,,2,gold,1000,0,2,0,0.08,0.31,0.95,2,0,0.04,0.16,0.95
32,study3,OLS,A,5000,1000,TRUE,6D,1,0,0,0,0,exch,0.5,0.43,1,3,1,2,B ~ A * C,B1 ~ A1 * C1,,2,MICE-std,1000,0,1.94,-0.06,0.15,0.89,0.99,2.14,0.14,0.15,0.6,0.98
32,study3,OLS,A,5000,1000,TRUE,6D,1,0,0,0,0,exch,0.5,0.43,1,3,1,2,B ~ A * C,B1 ~ A1 * C1,,2,IPW-nm,1000,0,2.02,0.02,0.18,0.77,0.96,2.11,0.11,0.14,0.4,0.84
32,study3,OLS,A,5000,1000,TRUE,6D,1,0,0,0,0,exch,0.5,0.43,1,3,1,2,B ~ A * C,B1 ~ A1 * C1,,2,mia-pkg-ice,1000,0,2,0,0.14,0.54,0.94,2.53,0.53,0.54,0.28,0
32,study3,OLS,A,5000,1000,TRUE,6D,1,0,0,0,0,exch,0.5,0.43,1,3,1,2,B ~ A * C,B1 ~ A1 * C1,,2,mia-tmle,1000,0,2,0,0.14,0.54,0.95,2.53,0.53,0.54,0.28,0
33,study3,OLS,A,10000,1000,TRUE,5A,1,0,0,0,0,exch,0.5,0.43,1,3,1,2,B ~ A * C,B1 ~ A1 * C1,,1.5,gold,1000,0,2,0,0.06,0.23,0.96,1.5,0,0.03,0.12,0.95
33,study3,OLS,A,10000,1000,TRUE,5A,1,0,0,0,0,exch,0.5,0.43,1,3,1,2,B ~ A * C,B1 ~ A1 * C1,,1.5,MICE-std,1000,0,2.03,0.02,0.09,0.83,1,1.48,-0.02,0.05,0.54,1
33,study3,OLS,A,10000,1000,TRUE,5A,1,0,0,0,0,exch,0.5,0.43,1,3,1,2,B ~ A * C,B1 ~ A1 * C1,,1.5,IPW-nm,1000,0,2,0,0.15,0.65,0.97,1.5,0.01,0.06,0.34,0.99
33,study3,OLS,A,10000,1000,TRUE,5A,1,0,0,0,0,exch,0.5,0.43,1,3,1,2,B ~ A * C,B1 ~ A1 * C1,,1.5,mia-pkg-ice,1000,0,2,0,0.11,0.41,0.94,2.13,0.63,0.63,0.21,0
33,study3,OLS,A,10000,1000,TRUE,5A,1,0,0,0,0,exch,0.5,0.43,1,3,1,2,B ~ A * C,B1 ~ A1 * C1,,1.5,mia-tmle,1000,0,2,0,0.11,0.4,0.94,2.13,0.63,0.63,0.21,0
34,study3,OLS,A,10000,1000,TRUE,5B,1,0,0,0,0,exch,0.5,0.43,1,3,1,2,B ~ A * C,B1 ~ A1 * C1,,1.5,gold,1000,0,2,0,0.06,0.23,0.95,1.5,0,0.03,0.12,0.95
34,study3,OLS,A,10000,1000,TRUE,5B,1,0,0,0,0,exch,0.5,0.43,1,3,1,2,B ~ A * C,B1 ~ A1 * C1,,1.5,MICE-std,1000,0,2.06,0.06,0.11,0.86,1,1.59,0.09,0.1,0.56,1
34,study3,OLS,A,10000,1000,TRUE,5B,1,0,0,0,0,exch,0.5,0.43,1,3,1,2,B ~ A * C,B1 ~ A1 * C1,,1.5,IPW-nm,1000,0,2.05,0.05,0.15,0.62,0.97,1.61,0.12,0.13,0.32,0.79
34,study3,OLS,A,10000,1000,TRUE,5B,1,0,0,0,0,exch,0.5,0.43,1,3,1,2,B ~ A * C,B1 ~ A1 * C1,,1.5,mia-pkg-ice,1000,0,2.01,0,0.1,0.41,0.94,2.13,0.63,0.63,0.21,0
34,study3,OLS,A,10000,1000,TRUE,5B,1,0,0,0,0,exch,0.5,0.43,1,3,1,2,B ~ A * C,B1 ~ A1 * C1,,1.5,mia-tmle,1000,0,2.01,0,0.1,0.4,0.94,2.13,0.63,0.63,0.21,0
35,study3,OLS,A,10000,1000,TRUE,5C,1,0,0,0,0,exch,0.5,0.43,1,3,1,2,B ~ A * C,B1 ~ A1 * C1,,1.5,gold,1000,0,2,0,0.06,0.23,0.96,1.5,0,0.03,0.12,0.95
35,study3,OLS,A,10000,1000,TRUE,5C,1,0,0,0,0,exch,0.5,0.43,1,3,1,2,B ~ A * C,B1 ~ A1 * C1,,1.5,MICE-std,1000,0,1.99,-0.01,0.11,1.32,1,1.48,-0.02,0.06,0.85,1
35,study3,OLS,A,10000,1000,TRUE,5C,1,0,0,0,0,exch,0.5,0.43,1,3,1,2,B ~ A * C,B1 ~ A1 * C1,,1.5,IPW-nm,1000,0,2,0,0.14,0.64,0.98,1.51,0.01,0.06,0.34,0.99
35,study3,OLS,A,10000,1000,TRUE,5C,1,0,0,0,0,exch,0.5,0.43,1,3,1,2,B ~ A * C,B1 ~ A1 * C1,,1.5,mia-pkg-ice,1000,0,2,0,0.1,0.4,0.96,2.13,0.63,0.63,0.21,0
35,study3,OLS,A,10000,1000,TRUE,5C,1,0,0,0,0,exch,0.5,0.43,1,3,1,2,B ~ A * C,B1 ~ A1 * C1,,1.5,mia-tmle,1000,0,2,0,0.1,0.4,0.96,2.13,0.63,0.63,0.21,0
36,study3,OLS,A,10000,1000,TRUE,5D,1,0,0,0,0,exch,0.5,0.43,1,3,1,2,B ~ A * C,B1 ~ A1 * C1,,1.5,gold,1000,0,2,0,0.06,0.23,0.95,1.5,0,0.03,0.12,0.95
36,study3,OLS,A,10000,1000,TRUE,5D,1,0,0,0,0,exch,0.5,0.43,1,3,1,2,B ~ A * C,B1 ~ A1 * C1,,1.5,MICE-std,1000,0,1.99,-0.01,0.1,1.19,1,1.62,0.12,0.13,0.8,1
36,study3,OLS,A,10000,1000,TRUE,5D,1,0,0,0,0,exch,0.5,0.43,1,3,1,2,B ~ A * C,B1 ~ A1 * C1,,1.5,IPW-nm,1000,0,2.08,0.08,0.16,0.63,0.95,1.61,0.11,0.12,0.33,0.85
36,study3,OLS,A,10000,1000,TRUE,5D,1,0,0,0,0,exch,0.5,0.43,1,3,1,2,B ~ A * C,B1 ~ A1 * C1,,1.5,mia-pkg-ice,1000,0,2,0,0.1,0.41,0.96,2.13,0.63,0.63,0.21,0
36,study3,OLS,A,10000,1000,TRUE,5D,1,0,0,0,0,exch,0.5,0.43,1,3,1,2,B ~ A * C,B1 ~ A1 * C1,,1.5,mia-tmle,1000,0,2,0,0.1,0.4,0.96,2.13,0.63,0.63,0.21,0
37,study3,OLS,A,10000,1000,TRUE,6A,1,0,0,0,0,exch,0.5,0.43,1,3,1,2,B ~ A * C,B1 ~ A1 * C1,,2,gold,1000,0,2,0,0.06,0.22,0.95,2,0,0.03,0.11,0.95
37,study3,OLS,A,10000,1000,TRUE,6A,1,0,0,0,0,exch,0.5,0.43,1,3,1,2,B ~ A * C,B1 ~ A1 * C1,,2,MICE-std,1000,0,1.99,-0.01,0.07,0.65,1,2,0,0.04,0.44,1
37,study3,OLS,A,10000,1000,TRUE,6A,1,0,0,0,0,exch,0.5,0.43,1,3,1,2,B ~ A * C,B1 ~ A1 * C1,,2,IPW-nm,1000,0,2,0,0.13,0.59,0.98,2.01,0.01,0.06,0.31,0.99
37,study3,OLS,A,10000,1000,TRUE,6A,1,0,0,0,0,exch,0.5,0.43,1,3,1,2,B ~ A * C,B1 ~ A1 * C1,,2,mia-pkg-ice,1000,0,2,0,0.1,0.38,0.94,2.53,0.53,0.53,0.2,0
37,study3,OLS,A,10000,1000,TRUE,6A,1,0,0,0,0,exch,0.5,0.43,1,3,1,2,B ~ A * C,B1 ~ A1 * C1,,2,mia-tmle,1000,0,2,0,0.1,0.38,0.94,2.53,0.53,0.53,0.2,0
38,study3,OLS,A,10000,1000,TRUE,6B,1,0,0,0,0,exch,0.5,0.43,1,3,1,2,B ~ A * C,B1 ~ A1 * C1,,2,gold,1000,0,2,0,0.06,0.22,0.94,2,0,0.03,0.11,0.97
38,study3,OLS,A,10000,1000,TRUE,6B,1,0,0,0,0,exch,0.5,0.43,1,3,1,2,B ~ A * C,B1 ~ A1 * C1,,2,MICE-std,1000,0,1.97,-0.03,0.09,0.76,1,2.06,0.06,0.08,0.51,1
38,study3,OLS,A,10000,1000,TRUE,6B,1,0,0,0,0,exch,0.5,0.43,1,3,1,2,B ~ A * C,B1 ~ A1 * C1,,2,IPW-nm,1000,0,2.02,0.02,0.13,0.56,0.97,2.05,0.05,0.08,0.29,0.95
38,study3,OLS,A,10000,1000,TRUE,6B,1,0,0,0,0,exch,0.5,0.43,1,3,1,2,B ~ A * C,B1 ~ A1 * C1,,2,mia-pkg-ice,1000,0,2,0,0.1,0.38,0.95,2.53,0.53,0.54,0.2,0
38,study3,OLS,A,10000,1000,TRUE,6B,1,0,0,0,0,exch,0.5,0.43,1,3,1,2,B ~ A * C,B1 ~ A1 * C1,,2,mia-tmle,1000,0,2,0,0.1,0.38,0.95,2.53,0.53,0.54,0.2,0
39,study3,OLS,A,10000,1000,TRUE,6C,1,0,0,0,0,exch,0.5,0.43,1,3,1,2,B ~ A * C,B1 ~ A1 * C1,,2,gold,1000,0,2,0,0.06,0.22,0.96,2,0,0.03,0.11,0.93
39,study3,OLS,A,10000,1000,TRUE,6C,1,0,0,0,0,exch,0.5,0.43,1,3,1,2,B ~ A * C,B1 ~ A1 * C1,,2,MICE-std,1000,0,1.85,-0.14,0.2,0.93,0.99,2.04,0.04,0.07,0.64,1
39,study3,OLS,A,10000,1000,TRUE,6C,1,0,0,0,0,exch,0.5,0.43,1,3,1,2,B ~ A * C,B1 ~ A1 * C1,,2,IPW-nm,1000,0,2,0,0.14,0.63,0.97,1.98,-0.03,0.07,0.32,0.98
39,study3,OLS,A,10000,1000,TRUE,6C,1,0,0,0,0,exch,0.5,0.43,1,3,1,2,B ~ A * C,B1 ~ A1 * C1,,2,mia-pkg-ice,1000,0,2,0.01,0.1,0.38,0.95,2.53,0.53,0.53,0.2,0
39,study3,OLS,A,10000,1000,TRUE,6C,1,0,0,0,0,exch,0.5,0.43,1,3,1,2,B ~ A * C,B1 ~ A1 * C1,,2,mia-tmle,1000,0,2,0.01,0.1,0.38,0.95,2.53,0.53,0.53,0.2,0
40,study3,OLS,A,10000,1000,TRUE,6D,1,0,0,0,0,exch,0.5,0.43,1,3,1,2,B ~ A * C,B1 ~ A1 * C1,,2,gold,1000,0,2,0,0.05,0.22,0.95,2,0,0.03,0.11,0.95
40,study3,OLS,A,10000,1000,TRUE,6D,1,0,0,0,0,exch,0.5,0.43,1,3,1,2,B ~ A * C,B1 ~ A1 * C1,,2,MICE-std,1000,0,1.94,-0.06,0.12,0.88,1,2.14,0.14,0.15,0.6,1
40,study3,OLS,A,10000,1000,TRUE,6D,1,0,0,0,0,exch,0.5,0.43,1,3,1,2,B ~ A * C,B1 ~ A1 * C1,,2,IPW-nm,1000,0,2.02,0.02,0.13,0.54,0.96,2.11,0.11,0.13,0.28,0.7
40,study3,OLS,A,10000,1000,TRUE,6D,1,0,0,0,0,exch,0.5,0.43,1,3,1,2,B ~ A * C,B1 ~ A1 * C1,,2,mia-pkg-ice,1000,0,2,0,0.1,0.38,0.94,2.53,0.53,0.54,0.2,0
40,study3,OLS,A,10000,1000,TRUE,6D,1,0,0,0,0,exch,0.5,0.43,1,3,1,2,B ~ A * C,B1 ~ A1 * C1,,2,mia-tmle,1000,0,2,0,0.1,0.38,0.94,2.53,0.53,0.54,0.2,0
